Element Label,Node Label,x,y,z
,1,0.0937501,0.12500021,-0.999999
,2,-0.09375018,0.12500009,-1.0000008
,3,-0.09375002,-0.12500018,-0.9999997
,4,0.09375028,-0.12500012,-0.99999946
,5,0.14469475,0.47860572,-0.99999994
,6,-0.2361107,0.44074,-0.99999994
,7,-0.4786057,0.14469475,-0.99999994
,8,-0.44073996,-0.2361107,-0.99999994
,9,-0.14469475,-0.47860572,-0.99999994
,10,0.2361107,-0.44074,-0.99999994
,11,0.47860575,-0.14469475,-0.99999994
,12,0.44074002,0.2361107,-0.99999994
,13,0.07304131,-0.25219697,-0.9999997
,14,-0.12672342,-0.21628167,-0.9999996
,15,-0.25381827,-0.070171155,-0.9999997
,16,-0.3262446,0.10149681,-0.99999934
,17,-0.21432996,0.22145668,-1.0000006
,18,0.09374989,0.12499982,1.1269003e-06
,19,-0.09374984,0.124999925,-7.711351e-07
,20,-0.09374999,-0.12499981,4.5448542e-07
,21,0.09374969,-0.12499988,4.377216e-07
,22,0.14469475,0.47860572,3.7252903e-09
,23,-0.2361107,0.44074,3.7252903e-09
,24,-0.4786057,0.14469475,3.7252903e-09
,25,-0.44073996,-0.2361107,3.7252903e-09
,26,-0.14469475,-0.47860572,3.7252903e-09
,27,0.2361107,-0.44074,3.7252903e-09
,28,0.47860575,-0.14469475,3.7252903e-09
,29,0.44074002,0.2361107,3.7252903e-09
,30,0.07304116,-0.25219646,3.9674342e-07
,31,-0.1267232,-0.21628132,4.1164458e-07
,32,-0.2538179,-0.07017112,2.9802322e-07
,33,-0.32624438,0.10149668,7.2456896e-07
,34,-0.2143296,0.22145654,-7.0407987e-07
,1,0.08535315,0.11660317,0.011547044
,2,-0.08535317,0.116603166,0.011547204
,3,-0.085353166,-0.11660318,0.011549007
,4,0.085353166,-0.11660311,0.011548679
,5,0.14248513,0.47926816,0.011544976
,6,-0.23814158,0.43964598,0.011549972
,7,-0.47926813,0.14248513,0.011548072
,8,-0.43964595,-0.23814158,0.011548489
,9,-0.14248513,-0.47926816,0.011549193
,10,0.23814158,-0.43964598,0.011550203
,11,0.4792682,-0.14248513,0.011549041
,12,0.439646,0.23814158,0.01154758
,13,0.20134285,-0.110575475,0.011547308
,14,0.10556623,-0.18764739,0.011548426
,15,-0.27797696,0.052651163,0.01154688
,16,-0.26362184,-0.10051204,0.011545315
,17,0.08535315,0.1166031,0.5115494
,18,-0.08535314,0.116603084,0.5115489
,19,-0.08535313,-0.11660313,0.51154923
,20,0.08535316,-0.11660311,0.5115487
,21,0.14248513,0.47926816,0.51154596
,22,-0.23814158,0.43964598,0.5115475
,23,-0.47926813,0.14248513,0.5115507
,24,-0.43964595,-0.23814158,0.51154757
,25,-0.14248513,-0.47926816,0.5115491
,26,0.23814158,-0.43964598,0.5115475
,27,0.4792682,-0.14248513,0.5115478
,28,0.439646,0.23814158,0.5115491
,29,0.20134276,-0.11057543,0.5115483
,30,0.10556628,-0.18764727,0.51154864
,31,-0.2779769,0.052651152,0.5115473
,32,-0.26362184,-0.10051194,0.5115478
,33,0.08535311,0.11660315,1.0115505
,34,-0.08535313,0.11660313,1.0115485
,35,-0.08535318,-0.11660313,1.0115473
,36,0.08535304,-0.11660317,1.0115474
,37,0.14248513,0.47926816,1.01155
,38,-0.23814158,0.43964598,1.0115464
,39,-0.47926813,0.14248513,1.0115501
,40,-0.43964595,-0.23814158,1.0115503
,41,-0.14248513,-0.47926816,1.011549
,42,0.23814158,-0.43964598,1.0115469
,43,0.4792682,-0.14248513,1.0115466
,44,0.439646,0.23814158,1.011547
,45,0.2013428,-0.110575385,1.0115492
,46,0.10556626,-0.1876474,1.0115469
,47,-0.27797702,0.052651204,1.0115467
,48,-0.2636219,-0.10051202,1.0115469
,1,-0.061685827,0.10131489,0.011419481
,2,-0.066446625,-0.09867057,0.011432938
,3,0.06351338,-0.10175979,0.011491852
,4,0.06827842,0.09820505,0.011362453
,5,-0.08975995,0.1270774,0.011446653
,6,-0.095857434,-0.1230712,0.011524753
,7,0.09165282,-0.12746957,0.011526987
,8,0.09764284,0.12251453,0.011364865
,9,-0.11054531,0.15253878,0.011436601
,10,-0.117697716,-0.14752108,0.011493739
,11,0.11234447,-0.15298338,0.011544624
,12,0.11949841,0.14704052,0.011326481
,13,-0.4872727,0.5118919,0.011547254
,14,-0.5110839,-0.48838207,0.012270053
,15,0.48909387,-0.51211727,0.011694137
,16,0.5128842,0.48792577,0.0119253695
,17,-0.062624276,0.06130265,0.011349478
,18,-0.06356159,0.021322234,0.011344139
,19,-0.06451655,-0.018676156,0.011384842
,20,-0.06547746,-0.058663495,0.011411751
,21,-0.02312973,-0.099700555,0.011418648
,22,0.020190364,-0.10073115,0.011458048
,23,0.06446803,-0.061767764,0.011414561
,24,0.065409966,-0.021771384,0.01137417
,25,0.06635758,0.018235996,0.011308805
,26,0.06731891,0.058215663,0.011295689
,27,0.024958465,0.09923897,0.011340737
,28,-0.018372912,0.10027461,0.011372063
,29,-0.08995937,0.11894771,0.011478894
,30,-0.09025437,0.11084096,0.011479802
,31,-0.09042128,0.10280838,0.011485324
,32,-0.09060825,0.09475573,0.011494427
,33,-0.09078974,0.08667755,0.011487147
,34,-0.090974204,0.07861057,0.0115011595
,35,-0.091164656,0.07053033,0.011442699
,36,-0.09136234,0.06246702,0.01143818
,37,-0.09154569,0.05444357,0.011453645
,38,-0.091742456,0.046340413,0.011463169
,39,-0.09192354,0.038309887,0.011447661
,40,-0.09211921,0.030244749,0.011472457
,41,-0.09233103,0.022167686,0.011478126
,42,-0.09252158,0.014057753,0.01154387
,43,-0.09275905,0.0060481457,0.011453144
,44,-0.09285877,-0.0020244187,0.01150229
,45,-0.093108304,-0.010103999,0.011498719
,46,-0.09325686,-0.018122884,0.011543239
,47,-0.093447775,-0.026268264,0.0115401
,48,-0.09366848,-0.034299206,0.0114925075
,49,-0.09384897,-0.042363826,0.011468534
,50,-0.094072215,-0.050402924,0.011504402
,51,-0.09425092,-0.058483057,0.011481847
,52,-0.09440156,-0.06655806,0.011511801
,53,-0.09463196,-0.07465338,0.011485897
,54,-0.09483349,-0.08272525,0.011431197
,55,-0.09502552,-0.09069893,0.011408733
,56,-0.09520377,-0.09878404,0.011470199
,57,-0.0954006,-0.10684156,0.011495935
,58,-0.09565232,-0.11488636,0.011529646
,59,-0.08764608,-0.12321352,0.011531979
,60,-0.07946788,-0.12336378,0.011527471
,61,-0.071357444,-0.12356043,0.011504572
,62,-0.063173555,-0.12375855,0.011496207
,63,-0.05505843,-0.12390686,0.011503624
,64,-0.04690527,-0.12412137,0.011489764
,65,-0.038739596,-0.12433639,0.01152073
,66,-0.030573735,-0.12453246,0.011476639
,67,-0.022473859,-0.12472144,0.011505622
,68,-0.014292046,-0.12486915,0.011495201
,69,-0.0061591235,-0.12510249,0.01154024
,70,0.0020174442,-0.1252975,0.011529544
,71,0.010158887,-0.12549795,0.011513561
,72,0.018310202,-0.12567978,0.011526142
,73,0.026465064,-0.1258819,0.011530221
,74,0.03462242,-0.12607875,0.011527561
,75,0.042770255,-0.12627684,0.011533121
,76,0.050912596,-0.1264721,0.01152133
,77,0.059063915,-0.12666617,0.011536533
,78,0.06722587,-0.12686391,0.011525377
,79,0.075361215,-0.1270647,0.011537643
,80,0.083542556,-0.12725647,0.011519718
,81,0.09187332,-0.11938582,0.011518769
,82,0.09205487,-0.111325175,0.011504222
,83,0.09224159,-0.10325903,0.011476589
,84,0.092429556,-0.095192246,0.011479353
,85,0.09262541,-0.08712891,0.011461922
,86,0.09280422,-0.07906302,0.011448799
,87,0.0930064,-0.071004264,0.0114320535
,88,0.09319794,-0.0629388,0.011429475
,89,0.09339257,-0.054875877,0.01140414
,90,0.09358915,-0.046808194,0.011376639
,91,0.09377011,-0.038749687,0.011414059
,92,0.093964495,-0.030679341,0.0113859065
,93,0.09415038,-0.022623999,0.011386104
,94,0.09434679,-0.014560238,0.0114004845
,95,0.0945454,-0.0064945044,0.011392949
,96,0.09473207,0.0015730124,0.011383635
,97,0.09492117,0.009636226,0.011384902
,98,0.09510421,0.017702257,0.011389384
,99,0.09530063,0.02576887,0.011375889
,100,0.09551563,0.033833366,0.011380988
,101,0.09569677,0.04190013,0.011365659
,102,0.095881276,0.049960237,0.01136097
,103,0.096073166,0.058031414,0.011363561
,104,0.0962657,0.06608749,0.011353364
,105,0.09646226,0.07415274,0.011365244
,106,0.09666397,0.082219034,0.011350487
,107,0.0968584,0.09028983,0.0113566425
,108,0.09705489,0.09834821,0.01133134
,109,0.09724932,0.106405266,0.011356485
,110,0.09743554,0.11447609,0.011328125
,111,0.08947936,0.122723654,0.011358898
,112,0.08133361,0.12291248,0.011356242
,113,0.07318915,0.123095244,0.011372207
,114,0.065028474,0.12328394,0.011398287
,115,0.056866728,0.123489246,0.011396724
,116,0.048718505,0.123675406,0.0113959685
,117,0.040568765,0.12386832,0.011410836
,118,0.032415234,0.12406501,0.011412922
,119,0.024284802,0.12424399,0.0114319045
,120,0.016126676,0.12445812,0.011456154
,121,0.007943995,0.124650165,0.011449685
,122,-0.00020570465,0.124853894,0.011434081
,123,-0.008325632,0.1250597,0.011428053
,124,-0.0164935,0.12523326,0.0114378035
,125,-0.024651948,0.12544005,0.011443399
,126,-0.032795377,0.12562905,0.011447116
,127,-0.04096359,0.1258294,0.011434525
,128,-0.049105596,0.12602057,0.011429753
,129,-0.0572662,0.12621151,0.011419444
,130,-0.06539789,0.12640707,0.011422308
,131,-0.07355709,0.12660183,0.011414984
,132,-0.08175158,0.12678069,0.011389675
,133,-0.11142372,0.115026146,0.011443982
,134,-0.11230865,0.077520095,0.011479257
,135,-0.113196686,0.040000822,0.011482846
,136,-0.114087716,0.0025077502,0.0114708785
,137,-0.114978835,-0.035000056,0.011494156
,138,-0.115880676,-0.072502404,0.011476068
,139,-0.11679701,-0.11000725,0.011487812
,140,-0.07933807,-0.14842498,0.011510468
,141,-0.04099447,-0.14932843,0.011531923
,142,-0.0026608948,-0.15023443,0.011537196
,143,0.035670366,-0.15115736,0.011536129
,144,0.07399698,-0.15205356,0.01153223
,145,0.11322968,-0.115467906,0.011506589
,146,0.11411153,-0.077957824,0.0114162415
,147,0.11500256,-0.04046352,0.011364294
,148,0.11589417,-0.0029653173,0.011361865
,149,0.1167949,0.034538902,0.011342506
,150,0.117688544,0.072038315,0.011352797
,151,0.11859489,0.1095368,0.011334285
,152,0.08115781,0.14795312,0.011372472
,153,0.04282044,0.14885607,0.011426726
,154,0.0044771642,0.14977294,0.0114402715
,155,-0.033855256,0.15068857,0.011438103
,156,-0.07219849,0.15161192,0.011441633
,157,-0.48971573,0.4118232,0.011156807
,158,-0.4920045,0.31191805,0.011254174
,159,-0.49461338,0.21206461,0.011323862
,160,-0.49694923,0.11149839,0.011414658
,161,-0.49922276,0.011569823,0.011191366
,162,-0.50158656,-0.088273324,0.011319056
,163,-0.5041514,-0.18816012,0.011699753
,164,-0.5064111,-0.2885981,0.011796774
,165,-0.5086599,-0.38848424,0.011909926
,166,-0.4110231,-0.4907668,0.011900391
,167,-0.31119567,-0.49314925,0.011659618
,168,-0.21125984,-0.49561724,0.0116068665
,169,-0.11080196,-0.49811274,0.011224984
,170,-0.010876597,-0.50038785,0.011048692
,171,0.08900568,-0.50279105,0.0110074915
,172,0.18885782,-0.5052894,0.010920946
,173,0.28921273,-0.5075735,0.011135414
,174,0.38919762,-0.5098448,0.01145941
,175,0.49143314,-0.41223302,0.011697356
,176,0.4938005,-0.3123094,0.011849953
,177,0.49624524,-0.2123968,0.01158673
,178,0.49879205,-0.11203239,0.011482273
,179,0.5010356,-0.012025797,0.011418572
,180,0.50340706,0.08782314,0.0113771
,181,0.50591314,0.1877646,0.011662157
,182,0.5081745,0.28809935,0.011875294
,183,0.5104428,0.3880188,0.0119072385
,184,0.412839,0.49033636,0.011264646
,185,0.31301713,0.49270493,0.011208058
,186,0.2130839,0.4951856,0.011097098
,187,0.112683594,0.49760422,0.011231792
,188,0.012669528,0.49989447,0.011196893
,189,-0.08704578,0.50227416,0.011407694
,190,-0.18708873,0.5047074,0.011616761
,191,-0.2874009,0.5071509,0.011596346
,192,-0.38732904,0.50940454,0.011706004
,193,-0.019314818,0.06026606,0.011254169
,194,-0.020264309,0.020308305,0.01124911
,195,-0.02120581,-0.01972247,0.011292001
,196,-0.022164494,-0.059686873,0.011353459
,197,0.023997398,0.059248615,0.011260356
,198,0.023055997,0.019261371,0.011247138
,199,0.022090444,-0.02073016,0.011310433
,200,0.021149125,-0.0607347,0.011379517
,201,-0.084662564,-0.10697731,0.011473305
,202,-0.081314154,-0.08628282,0.011383257
,203,-0.0825652,-0.05583511,0.011509076
,204,-0.081073165,-0.045175724,0.011421242
,205,-0.07836199,0.03351241,0.011392906
,206,-0.07998582,0.052734423,0.011409897
,207,-0.07565662,0.06894415,0.011383338
,208,-0.07956289,0.10465785,0.01143807
,209,0.08868056,0.10883586,0.0113351345
,210,0.08929756,0.060083482,0.011342721
,211,0.08919509,0.0453376,0.011356393
,212,0.08150355,0.03692631,0.011347799
,213,0.082442306,-0.04396625,0.011394942
,214,0.08829666,-0.078582175,0.011454836
,215,0.08103481,-0.08317076,0.011449336
,216,0.077208385,-0.09528791,0.011495426
,217,0.08610228,-0.0009208673,0.011383027
,218,-0.078298576,-0.0074988725,0.01145139
,219,-0.07549637,0.013303925,0.011368227
,220,-0.084634446,0.0147480825,0.011468112
,221,0.08527646,-0.012947576,0.011392327
,222,0.089540266,-0.038673993,0.011376807
,223,0.009991381,-0.121645644,0.011515522
,224,0.0041039595,-0.11791139,0.011493117
,225,-0.018335087,-0.1202451,0.011512034
,226,-0.05748208,-0.1112085,0.011429993
,227,-0.0736377,-0.1089571,0.011402863
,228,-0.041269343,0.11866468,0.011419178
,229,0.0049290545,0.118779995,0.011426263
,230,0.023003964,0.11353614,0.011388845
,231,0.06931183,0.111524835,0.01137209
,232,0.056758422,-0.11511038,0.011515393
,233,0.045947492,0.11049976,0.011374865
,234,0.08275688,0.117030844,0.011370802
,235,0.0758397,-0.1167195,0.011504146
,236,-0.07964506,0.11507973,0.011404054
,237,0.06885461,-0.119742736,0.01152952
,238,0.06587547,-0.122697674,0.011512445
,239,0.06035063,-0.121755235,0.011525121
,240,0.0868747,-0.0828559,0.01144537
,241,0.0847478,-0.07349208,0.011433672
,242,0.0792054,-0.060223103,0.011422437
,243,0.08821241,-0.04315503,0.011422299
,244,0.08636668,-0.034249302,0.011380226
,245,0.0821508,-0.022970611,0.011397649
,246,0.088704005,-0.006593981,0.011397526
,247,0.083500415,0.009256747,0.0113662165
,248,0.08803874,0.05333476,0.011349116
,249,0.083086796,0.07139941,0.011343105
,250,0.08967206,0.115557894,0.011345332
,251,0.07834834,0.11295287,0.011358727
,252,0.060630854,0.109456785,0.011378164
,253,0.0879001,0.10156443,0.011369255
,254,0.086079225,0.09477448,0.011362875
,255,0.08486053,0.08857926,0.011363309
,256,0.036980182,-0.1141204,0.011490075
,257,0.015953094,-0.12065483,0.011500632
,258,-0.082497425,0.110380314,0.011436967
,259,-0.086261004,-0.114853986,0.011548978
,260,-0.07771785,-0.116204776,0.011496052
,261,-0.07164368,-0.11847015,0.011481028
,262,-0.06629721,-0.115165584,0.011488421
,263,-0.08354755,-0.099471845,0.011462871
,264,-0.08587729,-0.09209919,0.011497486
,265,-0.07999971,-0.07406943,0.0115132
,266,-0.085009366,-0.050458953,0.0114712985
,267,-0.079464495,-0.0336159,0.011486882
,268,-0.084270164,-0.004753785,0.011450991
,269,-0.085005715,0.0034052099,0.01146484
,270,-0.08733946,0.007417512,0.01154803
,271,-0.08526591,0.022911806,0.011497743
,272,-0.082717806,0.040664647,0.011416727
,273,-0.082811594,0.059524287,0.011392014
,274,-0.086055204,0.063716315,0.0114194825
,275,-0.08403792,0.07033039,0.0114385225
,276,-0.084225975,0.07744146,0.0114493305
,277,0.020983264,0.11872485,0.01140813
,278,0.008684452,0.12113717,0.011446878
,279,-0.0005904866,0.116877824,0.011403443
,280,-0.029684404,0.11599573,0.011420224
,281,-0.03364759,0.12140968,0.011428192
,282,-0.03902326,0.121788606,0.011434174
,283,-0.077378005,0.08330186,0.011449161
,284,-0.041153714,-0.11214192,0.0114588775
,285,-0.01951644,-0.11758057,0.011490056
,286,-0.0050814827,-0.121213295,0.011508439
,287,0.018742308,-0.115362085,0.011478783
,288,-0.044699013,0.11419076,0.011411558
,289,-0.05674836,0.111711405,0.011396823
,290,0.079462916,0.055841956,0.011324974
,291,0.08732775,0.07736165,0.011355652
,292,-0.0364347,-0.115863755,0.011503435
,293,-0.028002055,-0.11338625,0.011460731
,294,0.031204717,-0.11807241,0.011502833
,295,-0.021554707,-0.1133612,0.011472069
,296,-0.016971724,-0.10806625,0.011445437
,297,-0.0044786325,-0.11308746,0.011457497
,298,-0.01018399,-0.119748004,0.011509381
,299,-0.0072961175,0.115599446,0.011424253
,300,-0.006756176,0.10830905,0.011375597
,301,0.007906037,0.10946533,0.01137883
,302,0.012565992,0.11452681,0.011395516
,303,0.07533445,0.102055155,0.011369992
,304,0.07984631,0.10546853,0.011358335
,305,0.07789903,-0.0071666855,0.011383416
,306,0.075977296,0.007020586,0.011351867
,307,0.08004752,0.021259777,0.0113487765
,308,0.01470583,0.11953776,0.011442665
,309,0.08562636,0.0423291,0.011354154
,310,-0.10260662,-0.10766428,0.011491355
,311,-0.10560541,-0.08916918,0.011460608
,312,-0.104223914,-0.061272655,0.011495081
,313,-0.102105916,0.05920062,0.011442525
,314,-0.098125316,0.0826442,0.011492508
,315,0.10817027,0.09806815,0.0113482345
,316,0.10764002,0.08754804,0.011345306
,317,0.103237465,0.063246325,0.011358043
,318,0.10397368,-0.059628394,0.011424248
,319,0.10249566,-0.086344406,0.011461331
,320,-0.098698325,-0.023903176,0.011505878
,321,-0.102967046,-0.013457236,0.011484757
,322,-0.0988825,0.024775483,0.011506672
,323,0.10045195,0.023424089,0.011379914
,324,0.10480815,0.013011078,0.011364032
,325,0.10410793,-0.017643042,0.011381532
,326,-0.08410376,0.13489495,0.011389304
,327,-0.068750605,0.13194267,0.011418354
,328,-0.025098454,0.13346173,0.011447245
,329,-0.020350583,0.13707379,0.011443458
,330,0.013054805,0.1383956,0.011447217
,331,0.0261526,0.13661389,0.011433244
,332,0.059624784,0.13533767,0.01140467
,333,0.06374445,-0.133011,0.011528742
,334,-0.0073481216,-0.13493039,0.01154821
,335,-0.013317972,-0.1326715,0.011530164
,336,-0.029354254,-0.13735177,0.011540611
,337,-0.06284188,-0.13577597,0.011525156
,338,-0.07829666,-0.13532129,0.011508581
,339,0.034860652,0.12946056,0.011427948
,340,0.049480245,-0.13785504,0.011525165
,341,0.02706525,-0.13228811,0.011542668
,342,-0.105919145,-0.10161251,0.011476359
,343,-0.103404716,-0.071198925,0.011469046
,344,-0.101075366,-0.066280395,0.011530349
,345,-0.104540884,-0.04957124,0.011470683
,346,-0.09804243,-0.018431732,0.011500744
,347,-0.104071945,0.010098518,0.011487132
,348,-0.10230278,0.021552503,0.011461122
,349,-0.100091465,0.03156631,0.011477377
,350,-0.10317141,0.048735328,0.011452055
,351,-0.10095222,0.07726883,0.0114815235
,352,-0.095074266,0.087127686,0.011500835
,353,-0.09680639,0.09226432,0.011506243
,354,-0.10239622,0.11862677,0.0114937
,355,-0.09996743,0.12845215,0.011477647
,356,-0.07687805,0.13293736,0.011427643
,357,-0.07320513,0.13039947,0.011418823
,358,-0.06802622,0.1389005,0.011436413
,359,-0.05026419,0.13878481,0.011425177
,360,-0.030628368,0.13575743,0.011433994
,361,0.105898604,0.06965248,0.011349245
,362,0.10026428,0.058081683,0.011355422
,363,0.10205592,0.05349366,0.01135641
,364,0.099894136,0.017973727,0.011388514
,365,0.10289483,-0.0076156976,0.01137787
,366,0.10087274,-0.013504595,0.011375543
,367,0.104837,-0.029431172,0.011392023
,368,0.10499651,-0.049214702,0.011422444
,369,0.10191328,-0.0765649,0.011450971
,370,0.099453166,-0.0805341,0.011449924
,371,0.102630824,-0.09779466,0.01146621
,372,0.10419887,-0.1190605,0.011498328
,373,0.101744205,-0.12887472,0.011513264
,374,0.06594028,-0.13835537,0.011543456
,375,0.05778347,-0.13207476,0.011548712
,376,0.03873337,-0.13406882,0.011536293
,377,0.033836108,-0.13065417,0.011532227
,378,0.019532526,-0.13178626,0.011529412
,379,0.014179966,-0.13759321,0.011545916
,380,-0.05056598,-0.13743918,0.011542935
,381,-0.06733983,-0.13206397,0.011519399
,382,-0.008598723,0.13779642,0.011438391
,383,0.03164506,0.13285448,0.011427827
,384,0.042468235,0.13081065,0.011422541
,385,0.04973164,0.12960416,0.011413619
,386,0.043672554,0.13847321,0.01142226
,387,0.09571599,0.13121758,0.01135751
,388,0.085205555,0.13242872,0.011373812
,389,-0.09755353,0.09854744,0.011479057
,390,-0.10421927,0.100105904,0.011492485
,391,-0.103586435,0.08831267,0.0114781195
,392,0.10307012,0.047549833,0.011364691
,393,0.10950444,0.04695431,0.011350034
,394,0.1086171,0.05867965,0.011350412
,395,-0.103460915,-0.026577484,0.011487205
,396,0.10526878,0.026118705,0.011365359
,397,0.028823715,-0.13986127,0.011540563
,398,-0.01770013,-0.13643035,0.011523394
,399,0.066600755,0.13117287,0.011404008
,400,0.07695926,0.1337139,0.01138352
,401,-0.10586378,-0.115397654,0.01149313
,402,-0.103671044,-0.12853165,0.0114903115
,403,-0.085710466,0.1420887,0.01140474
,404,-0.09383425,-0.12972334,0.011496084
,405,0.08822982,0.140317,0.011349698
,406,0.099640496,0.13912326,0.011361202
,407,0.10780355,0.117667876,0.011336524
,408,0.105362184,0.12890926,0.011342824
,409,-0.09105857,-0.13387987,0.011514234
,410,-0.157061,-0.027481303,0.011482453
,411,0.15074599,0.028717302,0.011337871
,412,-0.15497021,-0.065080725,0.011508048
,413,-0.15559019,0.0101824375,0.011515487
,414,-0.14890362,0.043567676,0.011465151
,415,0.15589443,0.06300864,0.01134991
,416,0.15239537,-0.005618777,0.011348848
,417,0.15417315,-0.041405935,0.011378765
,418,-0.16054109,-0.1025379,0.011466868
,419,0.16175415,0.09792665,0.011329751
,420,-0.14695773,0.078624524,0.011463173
,421,0.15540765,-0.079357184,0.0114369225
,422,0.16186112,-0.1179356,0.011469694
,423,-0.16860068,-0.1422297,0.011445512
,424,-0.14772718,0.11281063,0.011454428
,425,0.16784929,0.1356476,0.011314882
,426,0.023698274,-0.201763,0.01151725
,427,0.067059115,-0.20417273,0.011530226
,428,-0.07411769,0.2029484,0.011438408
,429,-0.018373009,-0.19942242,0.011537828
,430,0.007778363,0.20344016,0.011449996
,431,0.04892416,0.20217982,0.011410164
,432,-0.0597039,-0.19522414,0.011520444
,433,-0.11824824,0.20116042,0.0114368675
,434,0.09132382,0.19875939,0.011354482
,435,-0.09888369,-0.18797842,0.0114884665
,436,0.11103137,-0.20715806,0.011535271
,437,-0.20442182,0.027432892,0.011447938
,438,-0.20351744,-0.027196925,0.011484852
,439,0.18131171,0.024755452,0.0113556925
,440,-0.17973463,0.05060461,0.011476798
,441,-0.19938199,-0.088620596,0.011453322
,442,0.19678324,-0.042254828,0.011342209
,443,0.20446451,0.084303066,0.01135988
,444,0.19072744,-0.07605927,0.011377703
,445,-0.21521741,-0.12783296,0.011423003
,446,0.20882352,0.12285027,0.011343771
,447,-0.1555378,0.1481962,0.011447595
,448,0.16160652,-0.16056849,0.0115436
,449,0.13417426,0.19252647,0.011289856
,450,-0.12660198,-0.17496619,0.011467286
,451,0.012476534,-0.24767071,0.011514107
,452,0.010724596,0.25646383,0.011441445
,453,-0.03304406,-0.24358517,0.011503225
,454,-0.03304642,0.2549266,0.011444005
,455,-0.07729727,0.25221875,0.0114571685
,456,0.05551348,0.25423998,0.011415841
,457,0.05956215,-0.25181702,0.011518536
,458,0.24274063,-0.049384464,0.0113805
,459,-0.25481963,-0.105238624,0.011358129
,460,0.24171996,0.11507051,0.011352805
,461,-0.22421865,0.089204505,0.0114593115
,462,-0.25192615,0.01992106,0.011366345
,463,0.24316612,0.01604661,0.011369564
,464,0.0016727955,-0.29202834,0.011504931
,465,0.06528833,0.30811363,0.011382805
,466,-0.046480972,-0.2864369,0.011524657
,467,0.101768106,0.24914418,0.011341706
,468,-0.17118302,-0.19348502,0.01142317
,469,0.17896195,0.17989981,0.011282112
,470,0.10741084,-0.25817314,0.011541508
,471,-0.124469794,0.2538305,0.011454101
,472,0.15859827,-0.21091194,0.011548167
,473,-0.16778332,0.19270678,0.011446521
,474,-0.12394456,-0.22417493,0.011458359
,475,0.05032407,-0.29668796,0.011512142
,476,-0.078984216,0.29506955,0.011437199
,477,-0.23053855,-0.06601895,0.011404946
,478,0.23464814,0.20375884,0.0113269985
,479,-0.23902057,-0.2188333,0.011370178
,480,0.15497169,-0.31893933,0.011524878
,481,-0.17852563,0.29542446,0.011482034
,482,0.14970139,0.24786095,0.011289631
,483,-0.14593892,-0.27099332,0.011447804
,484,-0.31802246,-0.07528159,0.01120274
,485,0.30738586,0.096445076,0.011365756
,486,0.30758882,0.012026161,0.01136299
,487,-0.30743617,0.00028635585,0.011258529
,488,0.039187808,-0.33444294,0.011489671
,489,-0.0401977,0.30870008,0.011451919
,490,0.29940242,-0.062152836,0.011334357
,491,-0.2596784,0.063524924,0.011404346
,492,0.012044644,0.3137098,0.011438974
,493,-0.006848395,-0.33835387,0.0114914
,494,-0.17661911,0.10755409,0.01143398
,495,0.22082855,-0.109326504,0.011469491
,496,0.36298782,-0.07828532,0.01136261
,497,-0.19783837,-0.24810857,0.011428291
,498,0.19882889,0.2321492,0.0112936795
,499,0.28385633,-0.12926586,0.011412023
,500,-0.2675669,0.14036563,0.011405991
,501,-0.08117961,-0.37700617,0.011549003
,502,0.08490236,0.36108848,0.011380149
,503,0.09691011,-0.30997163,0.011494992
,504,-0.12626302,0.32505587,0.011450133
,505,-0.00648844,-0.38600498,0.011499055
,506,0.012281149,0.37118715,0.0114174355
,507,0.23150472,-0.25643918,0.011540896
,508,-0.23897977,0.23364997,0.011493703
,509,0.32564563,0.16491814,0.0113831395
,510,-0.29589155,-0.15371586,0.011261843
,511,-0.07836534,-0.23603398,0.0114816185
,512,0.10646456,0.29333574,0.011321891
,513,0.37172702,0.004126657,0.011390403
,514,-0.36908868,0.0088132415,0.011286506
,515,0.3753524,0.09046091,0.011385173
,516,-0.37291852,-0.08027226,0.011271903
,517,0.2660684,-0.19089513,0.011541847
,518,0.07090786,-0.37146524,0.011468023
,519,-0.059786644,0.36214733,0.011428908
,520,-0.23460895,-0.30274346,0.011434732
,521,0.23456252,0.28814948,0.011306621
,522,0.43737566,-0.004639403,0.011465793
,523,-0.4319554,0.012276172,0.011345104
,524,0.28402603,0.21630098,0.011369162
,525,-0.28163654,-0.23732181,0.011370081
,526,0.21772754,-0.33607495,0.011500357
,527,-0.23096652,0.31388083,0.011539139
,528,0.15735632,0.32293957,0.011302067
,529,-0.15494533,-0.34023085,0.011496681
,530,0.43981865,0.08956544,0.011452033
,531,-0.4354625,-0.08496704,0.011352714
,532,0.4314958,-0.096294574,0.011381848
,533,-0.42272756,0.110705584,0.011389528
,534,0.18329978,-0.41863453,0.0114141945
,535,-0.18773177,0.40070447,0.011470415
,536,-0.3567296,0.09971185,0.011383455
,537,0.34798574,-0.15229197,0.01145695
,538,0.2947504,-0.35040691,0.01151759
,539,-0.3126173,0.31604406,0.011531133
,540,0.10331659,0.42616388,0.011327661
,541,-0.09963934,-0.43414098,0.011545177
,542,0.19637597,0.40453553,0.011284525
,543,-0.19372447,-0.41259465,0.011493115
,544,0.43733194,0.18476649,0.011537688
,545,0.32749358,-0.21592823,0.011528534
,546,0.28939268,-0.4267044,0.011374877
,547,-0.29679978,0.4115897,0.011576185
,548,-0.30027622,-0.3740886,0.011561856
,549,0.30184865,0.36812815,0.0113735255
,550,0.3491701,0.26300478,0.011407169
,551,-0.34375846,-0.2660013,0.011407675
,552,-0.40959856,-0.38577098,0.011520186
,553,-0.3942032,0.41328895,0.011462107
,554,-0.0077507724,-0.44173473,0.01147022
,555,0.012049264,0.43398672,0.011426471
,556,-0.40819585,0.21219493,0.011483384
,557,0.4199069,-0.18154985,0.011473477
,558,0.41185308,0.3839947,0.011397317
,559,0.38999608,-0.423593,0.011523807
,560,0.38443857,-0.34911934,0.011666015
,561,-0.42153502,-0.28308198,0.01155057
,562,-0.40108603,0.31490082,0.011557015
,563,0.40018132,-0.24794917,0.011712837
,564,0.37446663,0.17600785,0.011413244
,565,-0.36285076,-0.17138326,0.011308291
,566,-0.43154052,-0.18298668,0.011454454
,567,0.42591324,0.28285813,0.011502521
,568,0.3652214,-0.29236624,0.011661522
,569,0.084246464,-0.43770766,0.011400897
,570,-0.08140035,0.42764324,0.011426795
,571,-0.03296471,0.20377778,0.011449706
,572,0.30383468,-0.27943778,0.011549346
,573,-0.23105404,-0.17333236,0.011365625
,574,0.22192791,0.1632988,0.0113231465
,575,0.16252731,-0.2632718,0.011541724
,576,-0.17706512,0.24394257,0.011486232
,577,-0.18559441,-0.06133673,0.0114493845
,578,0.19664688,0.04832988,0.011363711
,579,-0.19581114,0.13007617,0.0114316195
,580,-0.22036599,0.17399557,0.011437836
,581,0.21421467,-0.1680023,0.011528148
,582,0.20079327,-0.21095997,0.011536894
,583,0.13842648,-0.36932945,0.011476729
,584,-0.32030496,0.2030309,0.011494912
,585,-0.09551679,-0.27748978,0.011504117
,586,0.2644073,0.14597793,0.011361858
,587,-0.0607491,-0.33175397,0.011517085
,588,0.25166112,0.07759317,0.011374811
,589,-0.102499515,-0.31523734,0.011481786
,590,-0.2810148,-0.072772264,0.011319926
,591,-0.26425213,-0.0387851,0.011313501
,592,0.19376062,-0.0031929791,0.011357241
,593,-0.18283348,0.08155403,0.011446588
,594,-0.30111486,0.078772426,0.0113144545
,595,-0.24089241,-0.015456417,0.011402975
,596,-0.06170044,0.10131014,0.003569724
,597,-0.06645555,-0.09865728,0.003581576
,598,0.06351868,-0.101784915,0.003660406
,599,0.06828359,0.098224655,0.0035199802
,600,-0.09000536,0.12695633,0.0036249878
,601,-0.095734805,-0.12285588,0.0036563491
,602,0.09171828,-0.12744519,0.0036675734
,603,0.09762472,0.12258665,0.0034872526
,604,-0.11053835,0.15253669,0.0035992563
,605,-0.1176951,-0.14752172,0.0036483305
,606,0.11233869,-0.15298182,0.0037097111
,607,0.11949215,0.14704001,0.003476724
,608,-0.48725134,0.5119336,0.0036626328
,609,-0.51110023,-0.48844495,0.0044706324
,610,0.48914102,-0.5121524,0.0039348667
,611,0.51295733,0.48791254,0.004065956
,612,-0.0626504,0.06132784,0.0035061305
,613,-0.063595586,0.021309486,0.0034916159
,614,-0.06454143,-0.018679477,0.0035439897
,615,-0.065491356,-0.058678843,0.0035671229
,616,-0.023119241,-0.09969107,0.0035901181
,617,0.020200543,-0.10073938,0.0035974234
,618,0.064467624,-0.06177247,0.0035667764
,619,0.06541602,-0.021776482,0.0035297694
,620,0.06637674,0.018215042,0.0034700837
,621,0.06733035,0.058224633,0.0034547765
,622,0.024956856,0.0992495,0.0034958087
,623,-0.018378323,0.10028483,0.003524662
,624,-0.09015159,0.11891157,0.0036639087
,625,-0.090232156,0.11088229,0.0036347713
,626,-0.09043038,0.10280873,0.0036466606
,627,-0.09062637,0.09473759,0.0036649695
,628,-0.09081868,0.086692266,0.0036792867
,629,-0.09101247,0.07862039,0.003651129
,630,-0.09116356,0.07057682,0.0036442252
,631,-0.09136175,0.06250267,0.003597973
,632,-0.09154509,0.054411452,0.0036061648
,633,-0.09174511,0.046363283,0.003652976
,634,-0.091944985,0.038273387,0.0036186008
,635,-0.09213573,0.030198496,0.0036381865
,636,-0.09229151,0.02214339,0.0038105827
,637,-0.092491865,0.014131178,0.0036026007
,638,-0.09259846,0.006071142,0.003837428
,639,-0.09292776,-0.002055369,0.0036363713
,640,-0.093049794,-0.010091621,0.003716426
,641,-0.09330767,-0.018216902,0.003728428
,642,-0.09348254,-0.026219968,0.0037495121
,643,-0.0936691,-0.03428473,0.0036765356
,644,-0.09388042,-0.04235602,0.00365204
,645,-0.09403002,-0.050438132,0.00365802
,646,-0.09421796,-0.058486883,0.0037085852
,647,-0.09443969,-0.066540316,0.0037563704
,648,-0.09463545,-0.0745797,0.0036980845
,649,-0.09479518,-0.08263662,0.0035392316
,650,-0.09499277,-0.0907552,0.0036413781
,651,-0.09519312,-0.098830394,0.003681329
,652,-0.09539772,-0.10687547,0.0036376622
,653,-0.09559307,-0.11494837,0.003789181
,654,-0.08762182,-0.12313078,0.00385705
,655,-0.07952916,-0.12337144,0.0036719777
,656,-0.07135703,-0.1235303,0.0037011355
,657,-0.06320847,-0.12372755,0.0036702715
,658,-0.05505049,-0.12397211,0.003670955
,659,-0.04688767,-0.12414453,0.003718515
,660,-0.03874998,-0.12431975,0.003663443
,661,-0.03060804,-0.12450863,0.0036876164
,662,-0.022437839,-0.12470581,0.0036797766
,663,-0.01430037,-0.12491957,0.0037026862
,664,-0.00613663,-0.12510134,0.0037551597
,665,0.0020051107,-0.1253292,0.0036901422
,666,0.010165403,-0.12550361,0.003679091
,667,0.018320166,-0.12572081,0.00368895
,668,0.026461042,-0.12590294,0.0037016608
,669,0.03461139,-0.12610973,0.0036878148
,670,0.042761724,-0.12629262,0.0036814688
,671,0.050921932,-0.126491,0.0036959285
,672,0.059073944,-0.12668416,0.0036841528
,673,0.067208394,-0.12687849,0.003709875
,674,0.07537989,-0.12706544,0.0036769612
,675,0.0835043,-0.12726858,0.003724306
,676,0.09185254,-0.11939583,0.0036779717
,677,0.09205213,-0.11132585,0.0036488855
,678,0.09224517,-0.10327181,0.0036564115
,679,0.092435226,-0.09520832,0.003637556
,680,0.09262054,-0.08714572,0.0036258074
,681,0.09281935,-0.07908202,0.0036118077
,682,0.09300055,-0.07101748,0.0036030998
,683,0.093190566,-0.06295022,0.003576599
,684,0.09338254,-0.054885127,0.0035788948
,685,0.09357166,-0.04682414,0.003598419
,686,0.09376642,-0.038753644,0.0035382817
,687,0.09396027,-0.030690018,0.0035657706
,688,0.09415294,-0.0226222,0.0035525933
,689,0.09433377,-0.014555431,0.0035550594
,690,0.0945264,-0.0064919675,0.003560963
,691,0.094723396,0.0015702054,0.0035507772
,692,0.09491612,0.009638683,0.0035447981
,693,0.09512004,0.01769679,0.0035521612
,694,0.09531342,0.025760869,0.0035521165
,695,0.09549177,0.033825085,0.0035439003
,696,0.095691256,0.041890327,0.0035267938
,697,0.0958926,0.049959432,0.0035353107
,698,0.09608873,0.058025606,0.0035140114
,699,0.09627364,0.06609271,0.0035244636
,700,0.09646718,0.0741542,0.0035131713
,701,0.096655294,0.082220316,0.0035288958
,702,0.09684944,0.090273924,0.0035064938
,703,0.09704263,0.09834772,0.00351982
,704,0.0972395,0.106400356,0.0034879977
,705,0.09743168,0.11445989,0.0035676006
,706,0.08947624,0.12271759,0.0035405671
,707,0.08131922,0.12287308,0.0035542408
,708,0.073159195,0.12310533,0.0035690498
,709,0.06501716,0.123314574,0.0035539977
,710,0.056872446,0.12349485,0.0035596425
,711,0.048717827,0.12370242,0.0035521826
,712,0.040566605,0.12388998,0.003573969
,713,0.03242095,0.12408519,0.0035659391
,714,0.02425491,0.1242854,0.0035838792
,715,0.016107524,0.12446092,0.0036382917
,716,0.007969842,0.12466186,0.003623657
,717,-0.00017073535,0.12484972,0.0035680933
,718,-0.008363906,0.12503861,0.0036148112
,719,-0.01649436,0.12524821,0.0036133546
,720,-0.024647225,0.12544471,0.0036040423
,721,-0.032797612,0.12562852,0.0036158152
,722,-0.040945742,0.12583043,0.0035867617
,723,-0.04909913,0.1260248,0.0035983166
,724,-0.057249423,0.12622492,0.0035697594
,725,-0.06540935,0.12641941,0.0035756445
,726,-0.07356637,0.12661806,0.0035849987
,727,-0.08167538,0.126825,0.003587667
,728,-0.11141842,0.11502222,0.0036365725
,729,-0.11230216,0.07751645,0.003642194
,730,-0.11318914,0.040015977,0.0036448138
,731,-0.114092276,0.0025023932,0.0036638696
,732,-0.1149755,-0.03499837,0.0036446163
,733,-0.115880094,-0.07249834,0.003661885
,734,-0.11678241,-0.10999799,0.003663309
,735,-0.07933196,-0.14841329,0.0036892882
,736,-0.040994767,-0.14932191,0.0037179263
,737,-0.0026672822,-0.15023021,0.0037250547
,738,0.035665642,-0.15114431,0.003694823
,739,0.07400371,-0.15206674,0.0036983043
,740,0.11321938,-0.115472436,0.003647184
,741,0.114109494,-0.07797623,0.0036075674
,742,0.114998214,-0.040472023,0.0035681156
,743,0.115885235,-0.002968633,0.0035162214
,744,0.11678811,0.034530498,0.0035172794
,745,0.117684186,0.07203487,0.0035073254
,746,0.11858962,0.10953346,0.0035082363
,747,0.081139185,0.14793657,0.0035371743
,748,0.04280944,0.14885217,0.0035792934
,749,0.0044731568,0.1497711,0.003614992
,750,-0.033851482,0.15068424,0.0036073066
,751,-0.072194494,0.15160821,0.0035986751
,752,-0.4896648,0.41182652,0.0033918153
,753,-0.49198115,0.31191042,0.0033594286
,754,-0.49456584,0.21204697,0.0035532862
,755,-0.49693507,0.11150888,0.0034833467
,756,-0.49918523,0.011584555,0.0033784006
,757,-0.5015502,-0.08829652,0.0033987453
,758,-0.50416803,-0.18819323,0.0038755927
,759,-0.50645715,-0.28857863,0.004057532
,760,-0.5086964,-0.3885083,0.003953377
,761,-0.41106996,-0.49079192,0.0040727016
,762,-0.31118917,-0.4931696,0.0037895236
,763,-0.21127342,-0.49559686,0.0038152067
,764,-0.1108221,-0.49805865,0.0033529932
,765,-0.010866042,-0.5002784,0.0031945705
,766,0.08898034,-0.50271994,0.0031466344
,767,0.18885796,-0.5051968,0.0030677635
,768,0.28925347,-0.5075714,0.0034049721
,769,0.38919407,-0.5098397,0.00354461
,770,0.49146602,-0.41221738,0.0038566608
,771,0.49378487,-0.31230938,0.003993326
,772,0.49624556,-0.21241356,0.0037555415
,773,0.49880254,-0.11202587,0.0036374973
,774,0.50100744,-0.012035233,0.0035482775
,775,0.503377,0.08782736,0.00352047
,776,0.5059131,0.18780684,0.0038104998
,777,0.50823593,0.2880856,0.004105622
,778,0.51050544,0.38803262,0.003987776
,779,0.4128641,0.4903338,0.0035174116
,780,0.31301436,0.49267727,0.0032815859
,781,0.21308435,0.49516577,0.0033868346
,782,0.11265821,0.49759027,0.0033052042
,783,0.012681328,0.49983755,0.0033988748
,784,-0.08707539,0.50225735,0.00349849
,785,-0.1870962,0.5047273,0.0038020024
,786,-0.28738964,0.5071464,0.0037966333
,787,-0.3873385,0.5094167,0.003754246
,788,-0.019319523,0.060304996,0.0034204163
,789,-0.020265697,0.020266352,0.0034050252
,790,-0.021213751,-0.019699318,0.0034532864
,791,-0.022172794,-0.059724398,0.0035015326
,792,0.0240043,0.059265364,0.0034136446
,793,0.02305415,0.019255059,0.0033994578
,794,0.022110304,-0.020746637,0.0034642331
,795,0.021157818,-0.06075549,0.003543647
,796,-0.084682845,-0.10698983,0.0036350135
,797,-0.0812758,-0.08631177,0.0036313944
,798,-0.08258754,-0.05589098,0.0035621682
,799,-0.08106505,-0.045177456,0.0036117053
,800,-0.07837627,0.033496667,0.003541072
,801,-0.08002807,0.052709267,0.0035507
,802,-0.07565751,0.06895932,0.0035421485
,803,-0.079620436,0.10459239,0.0036003152
,804,0.088668786,0.10881293,0.0034954315
,805,0.089313574,0.060074445,0.0035061296
,806,0.08921004,0.04531538,0.003514232
,807,0.08152564,0.03691514,0.0034987843
,808,0.08244621,-0.04398248,0.0035563512
,809,0.08830146,-0.078585826,0.0035880655
,810,0.08103791,-0.0832007,0.0036077667
,811,0.0771901,-0.09529569,0.0036348663
,812,0.08611292,-0.00092682824,0.003539336
,813,-0.07832557,-0.007526938,0.003573645
,814,-0.07550672,0.013304879,0.0035494668
,815,-0.08470937,0.014720538,0.0036648568
,816,0.08528049,-0.012937707,0.0035654008
,817,0.08954624,-0.03868392,0.0035672663
,818,0.0099847345,-0.121661216,0.0036454732
,819,0.0040810676,-0.11793418,0.0036623366
,820,-0.018360889,-0.12029887,0.0035898313
,821,-0.057469647,-0.111246675,0.003568761
,822,-0.0736613,-0.108954124,0.0035757609
,823,-0.041272875,0.11866693,0.0035812613
,824,0.004944499,0.11882648,0.00358528
,825,0.02298904,0.113569155,0.0035393909
,826,0.06928647,0.111535996,0.0035257675
,827,0.056759473,-0.115114324,0.0036605438
,828,0.045949325,0.110518135,0.0035268897
,829,0.08273102,0.11704462,0.0034705494
,830,0.07583139,-0.11671839,0.0036583962
,831,-0.07961045,0.11505598,0.0035385806
,832,0.0688582,-0.11976188,0.003677372
,833,0.06587454,-0.122698486,0.0036826488
,834,0.06035595,-0.121767476,0.0036836574
,835,0.08689197,-0.082864374,0.0036052568
,836,0.08475217,-0.073494636,0.0035918271
,837,0.079204135,-0.060233563,0.0035748258
,838,0.08821264,-0.043164697,0.003518463
,839,0.08637032,-0.034252454,0.0035433732
,840,0.08215145,-0.022960765,0.0035380851
,841,0.08870978,-0.0066257445,0.0035435678
,842,0.083518945,0.00924126,0.003522507
,843,0.088050246,0.05333776,0.0034996234
,844,0.0831014,0.07141038,0.0034909658
,845,0.08967128,0.11558275,0.0034814887
,846,0.0783418,0.112944074,0.0034938576
,847,0.060645618,0.109454796,0.0035297368
,848,0.08787637,0.101563,0.0035032537
,849,0.086077586,0.09478362,0.0035128025
,850,0.084860496,0.0885734,0.0035126954
,851,0.03698967,-0.114139,0.0036585303
,852,0.015954662,-0.12070117,0.0036521014
,853,-0.08256653,0.11035881,0.0035978844
,854,-0.08636448,-0.11496274,0.0035861293
,855,-0.077763855,-0.116253726,0.0036349297
,856,-0.07160637,-0.11856475,0.0036285128
,857,-0.06626756,-0.11525344,0.003608943
,858,-0.08357337,-0.0994613,0.003578307
,859,-0.08595834,-0.09216254,0.0035387771
,860,-0.08006558,-0.07403269,0.0035515036
,861,-0.08506529,-0.05045702,0.0036097215
,862,-0.07950735,-0.0335771,0.0035667168
,863,-0.08437526,-0.004796857,0.0035475716
,864,-0.08506531,0.0034654161,0.0036360044
,865,-0.08749773,0.007459821,0.0035291044
,866,-0.08545286,0.022884268,0.0035453243
,867,-0.08274156,0.040724028,0.0035718037
,868,-0.08280406,0.0595149,0.0035668137
,869,-0.08608731,0.06372075,0.0035341699
,870,-0.08409832,0.07037145,0.0035726205
,871,-0.08424055,0.077461936,0.0035973191
,872,0.020972189,0.11877217,0.0035744924
,873,0.008693564,0.12118472,0.0035980875
,874,-0.0005920305,0.11691249,0.0035622492
,875,-0.029694846,0.116033815,0.0035674898
,876,-0.0336388,0.12146069,0.0035932455
,877,-0.03901804,0.12179451,0.0035853693
,878,-0.07742726,0.08333801,0.0036006067
,879,-0.041146807,-0.11216942,0.0035956874
,880,-0.019489367,-0.11761484,0.003592913
,881,-0.00506725,-0.12125969,0.0036252635
,882,0.018751943,-0.1153898,0.0036295028
,883,-0.04468876,0.11420613,0.0035718083
,884,-0.056749113,0.11169631,0.0035578301
,885,0.079486236,0.05583506,0.0034860298
,886,0.08733444,0.07736087,0.0035149176
,887,-0.036420688,-0.11592739,0.0036279522
,888,-0.02803934,-0.113429025,0.003614503
,889,0.031221833,-0.11808155,0.0036614323
,890,-0.021555252,-0.113378614,0.003602867
,891,-0.016985476,-0.10811376,0.0035938798
,892,-0.0044772155,-0.11310615,0.0036255931
,893,-0.01014105,-0.11979083,0.0036344053
,894,-0.007303623,0.115645885,0.0035528615
,895,-0.0067680483,0.10834075,0.0035345033
,896,0.007911095,0.10949635,0.003535878
,897,0.012565896,0.11457767,0.0035577295
,898,0.07532444,0.10205054,0.003516972
,899,0.079846695,0.10545001,0.0035231104
,900,0.077916555,-0.0071765613,0.0035384875
,901,0.07599529,0.007000367,0.0035003442
,902,0.080072485,0.021267453,0.0034997575
,903,0.014686925,0.11960726,0.003576816
,904,0.085642375,0.04232252,0.003508742
,905,-0.10266995,-0.10768224,0.0037029805
,906,-0.105709225,-0.08919402,0.003625935
,907,-0.10422087,-0.061298385,0.0036657462
,908,-0.10219878,0.059155274,0.00365079
,909,-0.09811692,0.082649164,0.0036728717
,910,0.10817395,0.09807054,0.003497852
,911,0.10762937,0.08753797,0.0035156086
,912,0.103224985,0.063245006,0.0035169944
,913,0.10397484,-0.059636746,0.0035591703
,914,0.1024877,-0.08635566,0.0036114734
,915,-0.0985393,-0.02385809,0.0036611445
,916,-0.1029793,-0.01346636,0.0036529182
,917,-0.098866686,0.024772875,0.0036029136
,918,0.10042094,0.023412995,0.0035418998
,919,0.10478549,0.01300761,0.0035399022
,920,0.10409285,-0.01764524,0.0035395222
,921,-0.08401047,0.13492505,0.0035601556
,922,-0.068731375,0.13197182,0.0035948213
,923,-0.025100652,0.13347076,0.0036033392
,924,-0.02034725,0.13706125,0.003599519
,925,0.013044012,0.13839257,0.003616889
,926,0.026151357,0.13659732,0.0035960749
,927,0.059617095,0.135337,0.0035781767
,928,0.06372906,-0.1330066,0.00369988
,929,-0.0073478012,-0.13490166,0.0036761677
,930,-0.013270476,-0.13272747,0.0037095202
,931,-0.029322159,-0.1374665,0.003673193
,932,-0.06282848,-0.13576055,0.003704926
,933,-0.07831144,-0.13530761,0.0036902232
,934,0.034845747,0.12949078,0.0035862941
,935,0.04947494,-0.13785063,0.0037026005
,936,0.02706578,-0.13228653,0.0036984729
,937,-0.10592824,-0.10162788,0.0036490317
,938,-0.10336668,-0.07107898,0.0036563985
,939,-0.10106895,-0.06630171,0.003656256
,940,-0.104544625,-0.049557034,0.0036562076
,941,-0.09806098,-0.018460618,0.0036953073
,942,-0.10410703,0.010097773,0.0035646353
,943,-0.1022899,0.021570249,0.003697778
,944,-0.10019419,0.03147937,0.003664948
,945,-0.10319653,0.048771154,0.0036365446
,946,-0.10095855,0.077333145,0.0036439337
,947,-0.09507008,0.08713646,0.003663415
,948,-0.09679381,0.09226514,0.0036625518
,949,-0.10235529,0.11863127,0.0036451882
,950,-0.09992343,0.12842433,0.003633798
,951,-0.0768773,0.1329234,0.0035758782
,952,-0.07319569,0.1304124,0.003597226
,953,-0.06803262,0.13891739,0.003613852
,954,-0.050267506,0.13878278,0.0035918057
,955,-0.030620474,0.13575795,0.0036068
,956,0.10588452,0.069641925,0.0035215179
,957,0.10025085,0.058077898,0.0035240585
,958,0.10204286,0.053488888,0.003520771
,959,0.099863574,0.01798214,0.0035375422
,960,0.102882154,-0.007622485,0.0035421886
,961,0.10085262,-0.0135031715,0.0035471357
,962,0.104833,-0.029433932,0.0035321508
,963,0.10499781,-0.0492118,0.003528987
,964,0.10190641,-0.076579586,0.0035931952
,965,0.09943995,-0.08053716,0.0036102636
,966,0.10261709,-0.09781009,0.0036418969
,967,0.10419672,-0.11908753,0.0036795652
,968,0.10174537,-0.12888564,0.0036853692
,969,0.06594283,-0.13833827,0.0037018908
,970,0.057796676,-0.13207354,0.0036968915
,971,0.038724083,-0.13406663,0.0036969716
,972,0.03383584,-0.13066325,0.0037102876
,973,0.019531785,-0.13180017,0.003713821
,974,0.014183122,-0.13759837,0.0036986442
,975,-0.050571732,-0.1374987,0.0036809426
,976,-0.067289345,-0.13217662,0.0036812816
,977,-0.008605177,0.13782822,0.0035952954
,978,0.0316473,0.1328488,0.003603696
,979,0.04244803,0.13081713,0.0035841595
,980,0.049711656,0.12963395,0.003574281
,981,0.043673236,0.13845634,0.0035916436
,982,0.095705196,0.1312142,0.0035128808
,983,0.08521386,0.13246866,0.0035260357
,984,-0.0975296,0.09852221,0.0036646826
,985,-0.10419384,0.100099884,0.003621865
,986,-0.10356717,0.08830384,0.0036620023
,987,0.103063144,0.0475553,0.003512795
,988,0.10949062,0.04695485,0.0035141297
,989,0.10861564,0.058681626,0.003519236
,990,-0.10343669,-0.026571203,0.0036569303
,991,0.10525241,0.026113532,0.0035217162
,992,0.028821167,-0.13985167,0.0037056627
,993,-0.017698461,-0.13642354,0.003684557
,994,0.06659432,0.13118382,0.003571177
,995,0.0769265,0.1337154,0.0035380507
,996,-0.1057931,-0.1153755,0.0036198422
,997,-0.10372681,-0.12858304,0.0037254235
,998,-0.08566272,0.14213109,0.0035834163
,999,-0.09379057,-0.12967336,0.003626613
,1000,0.08823625,0.14029028,0.0035370337
,1001,0.0996173,0.13912337,0.0035214126
,1002,0.10779054,0.11767152,0.0034816237
,1003,0.105352424,0.12890567,0.003526277
,1004,-0.091020964,-0.13388288,0.0036862278
,1005,-0.15706123,-0.027477205,0.003687312
,1006,0.15074435,0.028715245,0.0035120212
,1007,-0.15497132,-0.06508919,0.0036476692
,1008,-0.15558967,0.01017723,0.0036427751
,1009,-0.14890477,0.043551944,0.0036570942
,1010,0.15589295,0.06301021,0.0035045184
,1011,0.15238322,-0.0056226626,0.003510057
,1012,0.154161,-0.04141177,0.0035179816
,1013,-0.16054322,-0.10254004,0.0036442587
,1014,0.16175932,0.09792123,0.0035053836
,1015,-0.14695793,0.07861878,0.0036226455
,1016,0.1554019,-0.07936126,0.0035594571
,1017,0.16186054,-0.11796544,0.0036725588
,1018,-0.16858816,-0.14222315,0.0036104135
,1019,-0.14771837,0.11280973,0.0036082529
,1020,0.16784868,0.13564424,0.0034716874
,1021,0.023691757,-0.20176044,0.003691243
,1022,0.06706471,-0.20416944,0.0036930786
,1023,-0.07411975,0.20294483,0.0036146287
,1024,-0.018365664,-0.1994213,0.0036790576
,1025,0.0077754734,0.20344034,0.003604209
,1026,0.04892008,0.20217533,0.0035896497
,1027,-0.059694316,-0.19522251,0.0036674738
,1028,-0.118247055,0.20116235,0.0036084196
,1029,0.09130587,0.19875994,0.0035236469
,1030,-0.09887483,-0.18798108,0.0036485493
,1031,0.11103312,-0.20715356,0.0037148157
,1032,-0.20441447,0.027429502,0.0036569806
,1033,-0.20350167,-0.027191488,0.0036096144
,1034,0.1813203,0.024755392,0.0035243202
,1035,-0.17972876,0.050610397,0.0036180308
,1036,-0.19936903,-0.0886113,0.0036135884
,1037,0.19677745,-0.04226694,0.0035441592
,1038,0.20447043,0.084302634,0.0035277773
,1039,0.1907206,-0.076080516,0.0035874713
,1040,-0.21521436,-0.12783024,0.0035735825
,1041,0.20882693,0.122844845,0.0035009403
,1042,-0.15554643,0.14818911,0.003608983
,1043,0.1616117,-0.16057482,0.0036989069
,1044,0.13416357,0.19252284,0.003468642
,1045,-0.12659094,-0.17496377,0.0036421428
,1046,0.01247777,-0.24766937,0.0036733644
,1047,0.010723382,0.25646287,0.0036142133
,1048,-0.033051312,-0.24357913,0.0036862344
,1049,-0.033046845,0.2549226,0.003616957
,1050,-0.07729416,0.25221777,0.003607085
,1051,0.05549586,0.25423744,0.0035705734
,1052,0.059566703,-0.25181913,0.0036794841
,1053,0.24273567,-0.049383864,0.0035159942
,1054,-0.25475174,-0.10521467,0.0035161935
,1055,0.24171597,0.11506335,0.0035266643
,1056,-0.22423227,0.08919028,0.0036024563
,1057,-0.25194556,0.019916171,0.0035571195
,1058,0.24316393,0.016049042,0.0035377983
,1059,0.0016671065,-0.29203376,0.0036783805
,1060,0.06527783,0.3081059,0.0035646856
,1061,-0.046471555,-0.2864405,0.0036706012
,1062,0.101743676,0.24912806,0.0035109837
,1063,-0.17118035,-0.1934821,0.0035875384
,1064,0.17897122,0.17989069,0.0034567602
,1065,0.10741491,-0.2581748,0.003697346
,1066,-0.12447144,0.25383073,0.0036219545
,1067,0.15859601,-0.21091403,0.0037105298
,1068,-0.16778307,0.19271289,0.0036147246
,1069,-0.123938814,-0.22416693,0.0036189407
,1070,0.050324664,-0.29668257,0.0036735088
,1071,-0.0789836,0.29506877,0.003625282
,1072,-0.23055975,-0.06603463,0.003593604
,1073,0.23465714,0.20375426,0.0034872526
,1074,-0.23900299,-0.21883589,0.0035319217
,1075,0.15497398,-0.31893298,0.003684557
,1076,-0.1785321,0.2954229,0.0036705267
,1077,0.14969662,0.24786626,0.003443297
,1078,-0.14593644,-0.27100042,0.0036254413
,1079,-0.3180199,-0.07528541,0.0034042317
,1080,0.3073835,0.09644358,0.0035338216
,1081,0.3075873,0.012027905,0.003526424
,1082,-0.30743536,0.00029246905,0.0034017814
,1083,0.03919592,-0.33444005,0.0036421856
,1084,-0.040201332,0.3087043,0.0036058854
,1085,0.2994025,-0.062153287,0.003527332
,1086,-0.25955325,0.06357413,0.0035205316
,1087,0.012042427,0.31370535,0.0036003944
,1088,-0.006854645,-0.33834234,0.0036622137
,1089,-0.17662038,0.10754287,0.0036219098
,1090,0.2208089,-0.10933692,0.003603058
,1091,0.36298776,-0.07827794,0.0035045752
,1092,-0.19783247,-0.24811919,0.0035819728
,1093,0.19883043,0.2321549,0.0034453794
,1094,0.2838512,-0.12928762,0.0036114873
,1095,-0.26756895,0.14036708,0.0035928674
,1096,-0.08116793,-0.37701944,0.0037030773
,1097,0.084893905,0.36109787,0.003525178
,1098,0.09690972,-0.30996382,0.0036770338
,1099,-0.12626457,0.32505032,0.0036078803
,1100,-0.0065019648,-0.38601443,0.0036763037
,1101,0.012277478,0.3711835,0.0036032535
,1102,0.23150624,-0.2564389,0.0037067514
,1103,-0.23897682,0.23366325,0.003662019
,1104,0.32564414,0.1649239,0.0035511283
,1105,-0.29589298,-0.1537248,0.0034312168
,1106,-0.078362994,-0.2360384,0.003669208
,1107,0.10645891,0.29333708,0.003492497
,1108,0.37173662,0.0041266438,0.003557168
,1109,-0.36910537,0.008819685,0.0034728423
,1110,0.3753585,0.09046162,0.0035525924
,1111,-0.37292218,-0.080267705,0.0034039281
,1112,0.2660651,-0.19090609,0.0036883466
,1113,0.07090808,-0.37146384,0.0036304863
,1114,-0.059781943,0.36214158,0.0035959557
,1115,-0.234618,-0.30274606,0.0036317613
,1116,0.23457809,0.28814623,0.0034830244
,1117,0.43738267,-0.0046416502,0.0036411658
,1118,-0.4319575,0.012273583,0.003532379
,1119,0.28403133,0.2162988,0.003539538
,1120,-0.28162956,-0.2373341,0.0035226317
,1121,0.21772063,-0.33607033,0.0036794655
,1122,-0.23096716,0.31387514,0.0036886157
,1123,0.15734783,0.3229435,0.003482338
,1124,-0.15493599,-0.34022647,0.0036318041
,1125,0.43983096,0.089561105,0.0036205845
,1126,-0.43548134,-0.08496674,0.0035181763
,1127,0.4315122,-0.09628334,0.0035753045
,1128,-0.4227376,0.11071043,0.003578443
,1129,0.18329968,-0.41861662,0.0035943845
,1130,-0.18774651,0.40070632,0.0036544986
,1131,-0.35672197,0.099720806,0.003495925
,1132,0.34798422,-0.15231057,0.0035776533
,1133,0.29475498,-0.35040534,0.003676355
,1134,-0.3126204,0.31604037,0.0037308345
,1135,0.103310764,0.42615202,0.0035294564
,1136,-0.09965957,-0.43413308,0.0037445035
,1137,0.19637604,0.40453446,0.0034582047
,1138,-0.19372107,-0.41261533,0.0037270235
,1139,0.43735224,0.18478903,0.003727438
,1140,0.32748833,-0.21592435,0.0037208218
,1141,0.28940123,-0.426684,0.0035420414
,1142,-0.296799,0.41160053,0.0037301378
,1143,-0.30027843,-0.37409988,0.0036455598
,1144,0.30185023,0.36812773,0.0034940867
,1145,0.34917146,0.26300186,0.0035708426
,1146,-0.34376016,-0.2660074,0.0035999557
,1147,-0.40960383,-0.385779,0.0037395582
,1148,-0.39419886,0.41330323,0.0037040655
,1149,-0.0077515165,-0.4417091,0.0036287205
,1150,0.012043945,0.4339911,0.0035815993
,1151,-0.4082067,0.2122095,0.003765433
,1152,0.41990402,-0.1815917,0.0037212
,1153,0.41186112,0.3839878,0.0035594115
,1154,0.38999912,-0.42357033,0.0036518322
,1155,0.38446346,-0.34910145,0.0038482435
,1156,-0.42155093,-0.2830768,0.003673084
,1157,-0.4010685,0.3148795,0.0035840562
,1158,0.4002055,-0.24796233,0.0038064867
,1159,0.37447676,0.17600822,0.0035797935
,1160,-0.36286202,-0.17139098,0.003472088
,1161,-0.43156356,-0.1830181,0.0036785286
,1162,0.42593288,0.28284964,0.0036791898
,1163,0.36524168,-0.29238266,0.0038224394
,1164,0.08424059,-0.43769962,0.0035790857
,1165,-0.08139782,0.42765057,0.0035961857
,1166,-0.032964475,0.2037783,0.0036105197
,1167,0.30384192,-0.27943406,0.0037110802
,1168,-0.23104343,-0.17332888,0.003545288
,1169,0.22193551,0.1632969,0.0034948578
,1170,0.1625274,-0.26326916,0.0037020287
,1171,-0.1770715,0.24394423,0.0036433311
,1172,-0.18557243,-0.06132373,0.0036383085
,1173,0.196652,0.048326988,0.0035263002
,1174,-0.19578914,0.13008294,0.0035958942
,1175,-0.22036868,0.17399627,0.0036005182
,1176,0.21421628,-0.16800217,0.0037086066
,1177,0.20078556,-0.21095075,0.0037067113
,1178,0.13843006,-0.36932316,0.0036311755
,1179,-0.3203073,0.20304297,0.0036331955
,1180,-0.09550661,-0.2774918,0.0036404459
,1181,0.26441482,0.1459787,0.0035194978
,1182,-0.060758196,-0.33174828,0.0036870586
,1183,0.25166318,0.07759225,0.0035367003
,1184,-0.1024986,-0.31524628,0.0036969464
,1185,-0.28098065,-0.07276802,0.003435568
,1186,-0.26422042,-0.038788438,0.0035108812
,1187,0.19375609,-0.003190527,0.0035178289
,1188,-0.1828294,0.08155736,0.00361975
,1189,-0.3011105,0.07877977,0.0035398593
,1190,-0.24083133,-0.015441288,0.003538819
,1,-0.08485317,-0.116103165,1.3019559
,2,-0.08485317,0.116103165,1.3019559
,3,-0.0848533,-0.116103336,0.051946327
,4,-0.0848533,0.116103336,0.05194633
,5,0.08485316,-0.116103165,1.3019559
,6,0.08485316,0.116103165,1.3019559
,7,0.08485329,-0.116103336,0.05194633
,8,0.08485329,0.116103336,0.05194633
1,,-0.11261014,0.22804914,-0.50000006
2,,-0.24149403,-0.25029224,-0.49999982
3,,0.22037691,-0.24065787,-0.4999997
4,,0.110768504,0.3201141,-0.49999964
5,,0.27671146,0.022853997,-0.49999952
6,,0.009433471,-0.34695596,-0.49999982
7,,-0.013420521,-0.17961957,-0.49999958
8,,-0.14201036,-0.071613155,-0.49999994
9,,-0.37485203,-0.015022584,-0.4999997
10,,-0.31382266,0.22709702,-0.49999994
11,,-0.22203559,0.09444556,-0.5000001
1,,-0.17807627,-0.011965214,0.2615477
2,,-0.23277652,-0.23363121,0.26154822
3,,0.10064138,-0.30428424,0.26154858
4,,0.21720679,0.18085936,0.26154745
5,,0.33959964,-0.11364125,0.26154834
6,,-0.009229711,-0.22503044,0.26154888
7,,-0.27018493,0.18784635,0.2615483
8,,-0.023914116,0.2880301,0.26154763
9,,0.11940385,-0.074555695,0.2615483
10,,-0.36512822,-0.03587932,0.26154777
11,,-0.17807627,-0.011965205,0.76154786
12,,-0.23277652,-0.23363121,0.7615484
13,,0.10064138,-0.30428421,0.7615482
14,,0.21720678,0.18085936,0.7615487
15,,0.3395996,-0.11364124,0.7615478
16,,-0.009229727,-0.22503044,0.7615483
17,,-0.27018493,0.18784635,0.7615483
18,,-0.023914116,0.28803006,0.7615484
19,,0.11940382,-0.07455569,0.76154864
20,,-0.36512822,-0.03587931,0.76154846
1,,-4.132744e-09,3.0267984e-09,0.67695117
1,,-0.040505815,0.08079825,0.0074270153
2,,-0.04144952,0.04080099,0.00737751
3,,-0.042395588,0.00080361846,0.0073955012
4,,-0.04334796,-0.03919138,0.0074384985
5,,-0.044307154,-0.07918414,0.007482143
6,,0.00281643,0.079766616,0.0073852325
7,,0.0018684373,0.03977201,0.0073311646
8,,0.0009201656,-0.00022593769,0.007352585
9,,-3.114523e-05,-0.040225003,0.007412264
10,,-0.0009860517,-0.08022045,0.007480299
11,,0.046141036,0.078734055,0.007392931
12,,0.04518693,0.038740218,0.007356243
13,,0.044233903,-0.0012571502,0.0073880106
14,,0.04328367,-0.041256886,0.007447888
15,,0.0423332,-0.08125571,0.007514029
16,,-0.0010468676,0.121399835,0.007502784
17,,0.0788974,0.118994825,0.00744321
18,,0.080817,-0.112301916,0.007583081
19,,0.013604816,-0.123383135,0.007590184
20,,-0.070480295,0.0021073848,0.007463415
21,,-0.085614614,0.11380717,0.0075293584
22,,-0.091341384,-0.11899036,0.007628008
23,,-0.09050182,-0.11091695,0.007586981
24,,-0.077083446,-0.10351742,0.0075178295
25,,-0.07930609,-0.094139665,0.0075133257
26,,-0.08769392,-0.079411454,0.0075292205
27,,-0.07331578,-0.079420865,0.007509093
28,,-0.083642855,-0.06847199,0.007561966
29,,-0.07854181,-0.0525422,0.007520511
30,,-0.088505566,-0.047103755,0.0075496202
31,,-0.08239712,-0.017651184,0.007564394
32,,-0.082787216,-0.0282026,0.0075551365
33,,-0.080792956,0.0011128725,0.007505268
34,,-0.07002165,0.03236001,0.0074428795
35,,-0.080975495,0.021110322,0.007503464
36,,-0.07593578,0.047058992,0.007467339
37,,-0.08660367,0.044514917,0.007516442
38,,-0.069347546,0.07872485,0.007477508
39,,-0.08585835,0.081518,0.0075518917
40,,-0.08012932,0.091516,0.0075455997
41,,-0.08569819,0.10716621,0.0075399745
42,,0.085726865,-0.12270743,0.007599733
43,,0.066241734,-0.11333899,0.0075872038
44,,0.062960915,-0.119831026,0.0075983377
45,,0.05677461,-0.12250761,0.007602833
46,,0.009639292,-0.1117827,0.007550288
47,,0.044363845,-0.107937425,0.007566534
48,,0.01986981,-0.12191167,0.007588499
49,,-0.015628602,-0.1130386,0.0075350385
50,,0.006563498,-0.12259759,0.0075910976
51,,-0.01631564,-0.12241235,0.007578618
52,,-0.001279613,-0.12239364,0.00760053
53,,-0.047050428,-0.10543575,0.0075095743
54,,-0.022724407,-0.121775955,0.0075668115
55,,-0.032180786,-0.11028868,0.007533744
56,,-0.050144263,-0.11786392,0.007554522
57,,-0.07232445,-0.11472796,0.007539564
58,,-0.08279652,-0.119419344,0.007606821
59,,0.09355422,0.11882739,0.0074342666
60,,0.09325609,0.11131638,0.0074247
61,,0.09271403,0.103784725,0.007424839
62,,0.09196734,0.09624315,0.00743281
63,,0.091187574,0.06390061,0.0074297907
64,,0.0907899,0.07225244,0.0074326107
65,,0.09232949,0.055350892,0.0074339304
66,,0.09220701,0.047629453,0.0074385125
67,,0.07648078,0.013937152,0.0074210446
68,,0.08948992,0.034710158,0.0074452963
69,,0.0738166,0.033657502,0.007403059
70,,0.089815915,0.0048835548,0.0074594
71,,0.090715386,-0.010150894,0.0074760355
72,,0.07909421,-0.030741215,0.0074643204
73,,0.08664213,-0.040016014,0.007469966
74,,0.089158416,-0.027631085,0.0074687134
75,,0.077364735,-0.06966939,0.00750765
76,,0.09127611,-0.041851662,0.007476529
77,,0.07155486,-0.085504994,0.0075401245
78,,0.08824376,-0.08709587,0.007539046
79,,0.09015428,-0.0819135,0.007530233
80,,0.08572784,-0.09423581,0.0075546633
81,,-0.08531985,0.12195431,0.0075168023
82,,-0.048081294,0.1212763,0.0075001344
83,,-0.056026015,0.119633436,0.007490646
84,,-0.036603753,0.12367135,0.0075156502
85,,-0.0425872,0.1230775,0.007508668
86,,0.010222027,0.118522234,0.007503655
87,,0.011864851,0.12246226,0.0075290306
88,,0.017107168,0.109207496,0.0074540917
89,,0.040047977,0.114330314,0.0074589066
90,,0.030234983,0.11518779,0.0074660555
91,,0.0530436,0.11678642,0.007464272
92,,0.06295744,0.11694437,0.007464302
93,,0.0714603,0.117719606,0.007455498
94,,0.08485884,0.11359523,0.0074189147
95,,0.08580496,0.11955536,0.007434765
96,,-0.089319,0.010581772,0.007580893
97,,-0.08704182,0.027194936,0.00754705
98,,-0.08652599,0.0532552,0.007511923
99,,-0.0752773,0.060627107,0.007462565
100,,0.049956325,0.104355946,0.0074410792
101,,0.08524218,-0.079530805,0.0075220168
102,,-0.008920243,-0.12275055,0.0075963465
103,,-0.089259066,-0.08795904,0.0075089317
104,,-0.089707695,-0.10302897,0.007554328
105,,-0.08417896,-0.059892096,0.00756359
106,,-0.08897481,-0.053806633,0.0075631393
107,,-0.087022126,-0.03885624,0.007547021
108,,-0.07264211,-0.03903052,0.0074992813
109,,-0.08629013,0.035678033,0.007512427
110,,-0.08215107,0.06563519,0.007481139
111,,-0.080581985,0.10087322,0.007539871
112,,-0.08816638,0.06677696,0.0075109834
113,,-0.07414902,0.11744829,0.0074886456
114,,0.07454358,0.070919596,0.0074097468
115,,0.08228565,0.10096371,0.007439575
116,,0.08497969,0.060164656,0.0074178334
117,,0.091508664,0.040844187,0.0074438583
118,,0.08840012,0.014462399,0.007451063
119,,0.0909106,-0.035591546,0.007471462
120,,0.072882466,-0.046936687,0.007479229
121,,0.087538116,-0.066919275,0.0075079985
122,,0.08971608,-0.07554019,0.00752052
123,,0.08125304,-0.10291378,0.0075710826
124,,-0.087249026,-0.010138982,0.0075638015
125,,-0.08871232,0.01847059,0.0075764013
126,,0.091019526,-0.0031138342,0.0074689724
127,,0.07141856,-0.00092739076,0.007432117
128,,-0.065964706,-0.10851416,0.0075111575
129,,-0.08059395,-0.1117692,0.007544129
130,,-0.0016861688,0.112580895,0.0074709523
131,,-0.008182457,0.120701924,0.007504603
132,,0.017809138,0.11660648,0.0074854475
133,,0.005348621,0.12236799,0.0075165033
134,,0.025165545,0.120160244,0.0074881874
135,,0.075705044,0.10799775,0.0074398564
136,,0.04685678,-0.120502084,0.007594549
137,,0.07589648,-0.12269972,0.0076035075
138,,-0.07586113,0.107843764,0.0075006345
139,,0.069329776,-0.12409667,0.0076064803
140,,0.06312859,-0.124501444,0.007607477
141,,0.0870577,-0.055506926,0.007492209
142,,0.089406185,-0.047207724,0.0074812686
143,,0.08898039,-0.018272316,0.0074734623
144,,0.0776876,-0.016213471,0.0074649127
145,,0.08450019,-0.006911994,0.0074678855
146,,0.08799844,0.025412183,0.007445583
147,,0.07863734,0.09590577,0.007440135
148,,0.080891676,0.083889335,0.0074328845
149,,0.06838696,0.10531347,0.0074468944
150,,0.09111313,0.08896424,0.0074367747
151,,0.027760088,-0.12135989,0.0075899763
152,,0.012195394,-0.11890755,0.0075721834
153,,-0.045377843,0.10687364,0.007477994
154,,-0.075055405,-0.12041493,0.0075807087
155,,-0.068113916,-0.120253846,0.0075723864
156,,-0.060500927,-0.1185299,0.0075546475
157,,-0.08992147,-0.095282935,0.007534885
158,,-0.08883264,-0.003369428,0.0075566517
159,,-0.08950654,0.0037234325,0.007575901
160,,-0.08315689,0.009728173,0.00752858
161,,-0.08794663,0.060037617,0.0075010555
162,,-0.08761471,0.07424292,0.0075371256
163,,0.019015266,0.12176132,0.007514042
164,,-0.02230219,0.11674441,0.0074978797
165,,-0.012232882,0.112367004,0.0074793864
166,,-0.030194726,0.12213029,0.0075149406
167,,-0.035906147,0.119476825,0.007503642
168,,-0.040804803,-0.11912806,0.0075723007
169,,-0.024917366,-0.11722395,0.0075496743
170,,-0.006096389,-0.10540447,0.007523331
171,,-0.06435181,0.11650989,0.007492724
172,,-0.0039055743,-0.11800638,0.0075645037
173,,-0.013122833,-0.117683984,0.0075514633
174,,0.03639527,-0.12114642,0.007592854
175,,0.07848704,0.048326295,0.0074088685
176,,-0.03350756,0.11228969,0.007483531
177,,0.085589,0.04920677,0.007424159
178,,0.091328986,0.080577694,0.007438047
179,,-0.033446018,-0.11953796,0.007569381
180,,0.026785195,-0.11207948,0.007559579
181,,-0.022419691,-0.10864084,0.007524781
182,,0.0019321241,0.104332425,0.00744476
183,,0.0062050065,0.11493287,0.0074806483
184,,0.08368862,0.10719896,0.007429638
185,,-0.080340266,0.07501857,0.00750413
186,,0.08087785,0.0020410025,0.00744815
187,,-0.08313273,0.13041502,0.007500246
188,,-0.092542045,0.13914363,0.0075056385
189,,0.10526683,0.1120189,0.00742511
190,,0.10526438,0.10308881,0.007423031
191,,0.090387724,-0.13994066,0.007615432
192,,-0.09978989,-0.10373979,0.007575606
193,,-0.09837804,-0.06964893,0.007595525
194,,-0.102840304,-0.083772495,0.0075306287
195,,-0.0984874,-0.063152686,0.0076007545
196,,-0.09926268,-0.054938793,0.0075800717
197,,-0.109905675,-0.05458731,0.0075705554
198,,-0.09730039,-0.027747767,0.0075962264
199,,-0.09585448,-0.021685205,0.007615544
200,,-0.10887228,-0.018132571,0.0075694164
201,,-0.100773126,-0.020590737,0.00758061
202,,-0.09789283,0.012953407,0.007580963
203,,-0.10075887,-0.0057736076,0.007578279
204,,-0.09934936,0.035011128,0.007555861
205,,-0.10362667,0.0294667,0.007567309
206,,-0.10001373,0.04335128,0.0075498335
207,,-0.097156376,0.052177638,0.0075447345
208,,-0.098946735,0.07196442,0.007546249
209,,-0.099341296,0.063402146,0.00753884
210,,-0.09530849,0.07727919,0.0075662564
211,,-0.10373968,0.081443556,0.0075690523
212,,-0.09374771,0.08376979,0.007581044
213,,-0.10089876,0.10411761,0.007558829
214,,-0.098392546,0.08758794,0.0075798184
215,,-0.09565499,0.11921463,0.0075634634
216,,-0.097606346,0.13173063,0.007545219
217,,-0.0786627,0.13721481,0.0074989256
218,,-0.070226684,0.1288466,0.007503395
219,,-0.05616386,0.13248341,0.007510565
220,,-0.027481565,0.13924447,0.0075224703
221,,-0.043544058,0.1353307,0.007513969
222,,-0.021647997,0.13030422,0.00752402
223,,-0.003164945,0.13437133,0.007516749
224,,-0.014582269,0.14383456,0.0075221676
225,,0.0063233166,0.13441849,0.007524361
226,,0.02454628,0.12954536,0.0075213835
227,,0.037574276,0.12706095,0.007498076
228,,0.0381576,0.13290149,0.0075082965
229,,0.036071498,0.13919404,0.007510096
230,,0.05373259,0.12803434,0.007484409
231,,0.062027723,0.12832674,0.007483336
232,,0.08288353,0.13860296,0.0074522244
233,,0.07043435,0.12782313,0.0074737873
234,,0.08793113,0.1273195,0.007447523
235,,0.10205544,0.12089893,0.0074293865
236,,0.10242738,0.093560554,0.0074276626
237,,0.10046429,0.06828411,0.0074377563
238,,0.10470866,0.083020285,0.007432944
239,,0.10417557,0.07451423,0.0074360864
240,,0.098959856,0.06136102,0.0074387398
241,,0.09856871,0.054889854,0.007441315
242,,0.10353864,0.058374345,0.007437668
243,,0.099126935,0.027282188,0.007457723
244,,0.09768361,0.021215215,0.007464677
245,,0.11068465,0.017673295,0.007441111
246,,0.10259317,0.020130483,0.00745486
247,,0.09815685,-0.010543511,0.0074690236
248,,0.10258322,0.005312858,0.007455767
249,,0.10189151,-0.034834165,0.007470076
250,,0.099262364,-0.025096117,0.0074669505
251,,0.101836555,-0.043812215,0.0074764052
252,,0.09898485,-0.05263562,0.007486618
253,,0.10055452,-0.07212366,0.0075136507
254,,0.10116664,-0.063856155,0.007499542
255,,0.096792914,-0.07679781,0.0075250138
256,,0.10448964,-0.08035623,0.007525121
257,,0.09754275,-0.0916225,0.0075481934
258,,0.100429796,-0.11228378,0.007577222
259,,0.10811268,-0.094397396,0.007544812
260,,0.09746475,-0.119667634,0.007590797
261,,0.09940871,-0.13217776,0.007605534
262,,0.0680665,-0.13132297,0.0076154787
263,,0.061953228,-0.12965733,0.0076162703
264,,0.059236497,-0.13532065,0.007618418
265,,0.0374869,-0.12927635,0.0076132184
266,,0.038174193,-0.14073198,0.007617276
267,,0.032113165,-0.13421755,0.0076203933
268,,0.022843977,-0.1289183,0.0076164184
269,,-0.0035371622,-0.13389091,0.007625214
270,,0.022400413,-0.1353832,0.0076218946
271,,-0.016936395,-0.12968361,0.007603865
272,,-0.022674052,-0.1433484,0.0076167313
273,,-0.034917127,-0.13389573,0.0076015107
274,,-0.044301186,-0.13381378,0.007608272
275,,-0.062098805,-0.12889278,0.007596477
276,,-0.0719472,-0.13790552,0.007603666
277,,-0.08004989,-0.1290272,0.0076005533
278,,-0.10023654,-0.12045621,0.007603579
279,,-0.10044715,-0.09508401,0.007551696
280,,-0.107708655,0.056364466,0.0075538782
281,,-0.010251393,-0.1385687,0.0076167835
282,,-0.058433417,-0.14274538,0.0076129455
283,,0.11302136,0.09179601,0.007426206
284,,0.10885639,0.06590252,0.0074344464
285,,0.109520584,-0.05682015,0.0074863834
286,,-0.08411359,0.14629167,0.007514324
287,,0.021622872,0.14340645,0.0075193383
288,,0.05681432,0.14265028,0.0074890517
289,,-0.11106277,-0.093326196,0.007562625
290,,-0.10217854,-0.0752342,0.007552225
291,,-0.10053125,0.09480267,0.007570876
292,,-0.09684655,-0.01504392,0.007602568
293,,-0.10093788,0.004155742,0.0075769685
294,,-0.09649723,0.02064639,0.007587958
295,,-0.09586404,0.027168546,0.007581407
296,,-0.108417176,0.018543249,0.0075591346
297,,0.103312455,0.034093816,0.0074455254
298,,0.10201045,-0.0038769234,0.0074608093
299,,0.09836376,-0.01708224,0.0074672475
300,,0.10995636,-0.02262786,0.0074569657
301,,-0.07171212,0.13355061,0.007510376
302,,-0.06485796,0.13087443,0.007506326
303,,-0.028292513,0.13007379,0.0075252187
304,,-0.013447391,0.13129243,0.007521336
305,,0.015818851,0.13102882,0.0075326525
306,,-0.010271568,-0.12940295,0.0076196687
307,,-0.02502106,-0.13076757,0.0075964257
308,,-0.053838745,-0.13032742,0.007604602
309,,-0.07004172,-0.12868078,0.0075964592
310,,-0.08799616,-0.12752987,0.007613954
311,,0.097126424,0.14360301,0.0074352752
312,,0.07470897,-0.13618363,0.0076168133
313,,0.04536641,0.12700026,0.007490944
314,,0.045472395,-0.13117172,0.00761161
315,,0.05627188,-0.14485265,0.0076168245
316,,0.015547758,-0.13014753,0.0076119425
317,,-0.10607102,0.12865728,0.0075458437
318,,0.10787717,-0.12910175,0.0075980797
319,,-0.10156188,-0.13491462,0.0075851204
320,,-0.09987215,-0.11120892,0.0075949663
321,,-0.10779503,-0.10867067,0.007572977
322,,-0.10614016,-0.06780397,0.007576354
323,,-0.101858936,-0.044335954,0.007568582
324,,-0.10148986,-0.034556363,0.007571565
325,,-0.093323454,0.0902071,0.00758236
326,,-0.093846194,0.097088695,0.0075754896
327,,-0.09861648,0.111830845,0.00755825
328,,-0.07633831,0.12918729,0.007499612
329,,-0.05608628,0.1449973,0.0075191204
330,,-0.034557234,0.1344757,0.0075213024
331,,0.099174246,0.04822473,0.007442925
332,,0.106262416,0.042734265,0.0074367365
333,,0.105807476,0.051669765,0.0074360594
334,,0.09867661,0.014581063,0.0074626533
335,,0.10593532,-0.010433523,0.0074552344
336,,0.09684325,-0.08327388,0.007535166
337,,0.100131065,-0.10293456,0.007563974
338,,0.054313466,-0.13077092,0.007613914
339,,0.030495362,-0.12873317,0.0076163644
340,,0.0059227194,-0.13466057,0.007614894
341,,-0.11100338,-0.12536699,0.007577737
342,,0.030796833,0.12766679,0.007505052
343,,0.048868407,0.13355877,0.007498918
344,,0.09704487,0.12634864,0.0074363835
345,,0.092195556,0.13577288,0.0074424483
346,,0.07916329,0.1280391,0.007459145
347,,-0.107877456,0.095238395,0.0075570596
348,,0.113147944,0.053051632,0.0074317157
349,,0.019001976,-0.14470886,0.007622998
350,,0.07107746,0.13704379,0.007473656
351,,0.105048016,0.13657174,0.0074281637
352,,-0.095235355,-0.12609784,0.0076135704
353,,0.11281047,0.12578814,0.007416622
354,,-0.09159382,-0.1412841,0.007592637
355,,0.04362602,0.33852395,0.0074891085
356,,0.22253695,0.34593806,0.0073980493
357,,0.18962602,-0.13896404,0.0075867577
358,,0.4399227,-0.37430665,0.007760899
359,,0.05010632,-0.17728595,0.0076116603
360,,-0.013641471,0.17691918,0.0075268876
361,,-0.02810287,-0.31214225,0.007592041
362,,-0.16353294,0.095134005,0.007533841
363,,-0.13294426,0.02406328,0.007567864
364,,-0.13572235,-0.050015945,0.0075752754
365,,-0.13704576,-0.08753173,0.00756949
366,,-0.17511797,-0.07939253,0.0075526796
367,,-0.20976941,-0.20844068,0.0074792486
368,,-0.3580294,-0.435952,0.0077361744
369,,-0.4601045,-0.43836603,0.007979603
370,,0.43994012,-0.46444598,0.0076703355
371,,0.040699627,-0.22635522,0.0076021617
372,,-0.069727,-0.17023684,0.007596817
373,,-0.19651017,-0.15921804,0.0074967667
374,,-0.22088856,-0.35741818,0.007577816
375,,0.18220209,-0.09567783,0.0075220447
376,,0.13436161,-0.022616081,0.0074457685
377,,0.1352792,0.049574252,0.0074280286
378,,0.13848227,0.08562627,0.007424026
379,,0.17969184,0.07339116,0.007433404
380,,0.23422149,0.13679765,0.007427943
381,,0.4620259,0.4375678,0.0077031413
382,,0.19439313,0.15042165,0.0073985197
383,,-0.011877581,0.22965154,0.0075288815
384,,-0.053283293,0.17725527,0.007524872
385,,-0.09377617,0.17706397,0.007521812
386,,-0.16892119,0.12465772,0.007525333
387,,-0.43962178,0.46161112,0.007548116
388,,-0.17528121,-0.045272164,0.007563455
389,,-0.13034007,0.059927035,0.0075571463
390,,-0.172161,0.03294459,0.0075600315
391,,-0.13542956,-0.012448391,0.0075751934
392,,0.025997283,0.17606099,0.0075144125
393,,0.07437438,0.22607799,0.0074646305
394,,0.10653188,0.17156735,0.0074186847
395,,0.17115109,0.04120239,0.0074342927
396,,0.13467069,-0.059800714,0.007481168
397,,0.17427377,-0.023120552,0.0074396357
398,,0.13395393,0.013665817,0.0074308338
399,,0.009582398,-0.1756417,0.007614823
400,,-0.047370072,-0.21856587,0.0075931363
401,,-0.030431788,-0.17355067,0.0076146126
402,,-0.23478922,-0.03686415,0.007482399
403,,0.22398601,0.056567956,0.0074495673
404,,-0.22498156,-0.096925244,0.007492046
405,,-0.12960176,0.09599357,0.0075438134
406,,-0.19780168,0.06219795,0.007540982
407,,-0.13130693,0.13214119,0.007529459
408,,0.22666821,0.099952504,0.007440418
409,,0.13615017,-0.09768673,0.0075395266
410,,0.20372221,0.021484982,0.0074440576
411,,0.13725902,-0.13674372,0.007599109
412,,-0.14090566,-0.12557235,0.00755753
413,,0.14192332,0.12253632,0.007408429
414,,0.13589501,-0.18290575,0.007625703
415,,-0.1380287,0.1736504,0.0075248713
416,,0.20859514,0.1947754,0.0073887734
417,,0.031008974,-0.2720511,0.007594307
418,,0.09110902,-0.1790924,0.0076197833
419,,-0.05738144,0.27772856,0.0075306874
420,,-0.10562679,-0.16472131,0.007573534
421,,-0.0038112141,-0.22310893,0.007600289
422,,0.0660501,0.17443405,0.007474201
423,,0.035888817,0.28312984,0.0075036166
424,,-0.10175352,0.28154275,0.0075326012
425,,0.15011993,0.16377653,0.007385893
426,,0.030731922,0.22907995,0.0075120116
427,,-0.14601724,-0.16454908,0.007539766
428,,0.078552894,-0.27916124,0.0075993184
429,,-0.18014468,-0.004265608,0.0075659268
430,,-0.29267272,-0.046637747,0.007355895
431,,0.1695522,0.011164806,0.007432985
432,,0.27744997,0.05052798,0.007450983
433,,-0.16460629,0.06358616,0.007546153
434,,0.17426905,-0.05977471,0.007468084
435,,-0.18593198,-0.11530324,0.007528819
436,,0.35989347,0.43378636,0.0073870057
437,,0.1857246,0.110180065,0.0074192593
438,,0.30634913,-0.17210121,0.0075672083
439,,-0.098533176,0.22753921,0.0075298287
440,,-0.27571753,0.26665345,0.007596694
441,,0.086267866,-0.23032975,0.0076137837
442,,0.26195514,-0.30558845,0.00761023
443,,-0.15972412,-0.23419133,0.0075214393
444,,-0.13014977,-0.19514981,0.0075418074
445,,0.11923466,0.222071,0.0074027805
446,,0.021083666,-0.3153765,0.007581804
447,,-0.054356415,0.22846687,0.007529809
448,,-0.076307885,0.3227422,0.0075253956
449,,0.08225134,0.2762052,0.0074501233
450,,0.06433353,-0.32813975,0.007573505
451,,-0.016344212,-0.26743045,0.0075944383
452,,0.26170328,-0.087536424,0.00748178
453,,0.21911047,-0.019697245,0.0074456614
454,,-0.20475443,-0.06079179,0.007530953
455,,-0.34186858,-0.0366119,0.0073378077
456,,0.340515,0.050764825,0.0074592913
457,,-0.26313046,0.092972346,0.007479977
458,,-0.22518136,0.0011766881,0.0075080805
459,,0.27322343,-0.02086559,0.0074443696
460,,-0.01891524,0.3389349,0.0075178416
461,,0.02418828,-0.35756597,0.0075699175
462,,-0.038818534,-0.35828045,0.0075981496
463,,0.18835485,-0.23539448,0.0076242127
464,,-0.20104928,0.21107642,0.0075481106
465,,0.16541603,0.21310888,0.0073711704
466,,0.12881717,0.27831942,0.007398052
467,,-0.090221055,-0.21085255,0.0075691324
468,,0.3738937,-0.19943853,0.0076247444
469,,0.1348924,-0.23487833,0.007623924
470,,-0.14689244,0.22291131,0.007539019
471,,0.18380278,-0.18761055,0.0076226955
472,,-0.18487321,0.1612445,0.007522962
473,,0.33945587,-0.4669226,0.0074546197
474,,-0.35117415,0.36395591,0.007609442
475,,-0.39512798,0.05787892,0.007435523
476,,0.4009007,-0.04377111,0.007484859
477,,0.34571418,0.13195866,0.0074705807
478,,0.33332902,0.20505807,0.0074767517
479,,-0.28742424,-0.10175015,0.0073662316
480,,-0.32103524,-0.20710994,0.0074217226
481,,0.19168244,-0.29367957,0.0076100817
482,,0.13045575,-0.28758708,0.0076080086
483,,-0.20638558,0.27172542,0.0075832
484,,-0.1515829,0.27956268,0.007552024
485,,0.135485,0.37868193,0.007411197
486,,-0.13237165,-0.3909959,0.007611298
487,,-0.11093881,-0.2521737,0.007555742
488,,-0.40070018,-0.1299066,0.00743251
489,,-0.2576422,-0.07070258,0.0074315937
490,,0.40674853,0.13520259,0.007533569
491,,0.33542752,-0.031070251,0.007445733
492,,-0.23504883,0.050024185,0.007501879
493,,-0.28002504,0.040633414,0.0074203713
494,,0.03522629,-0.40922496,0.0075440994
495,,-0.029214364,0.3987414,0.007509576
496,,0.46717548,-0.056247283,0.007518841
497,,-0.19486919,0.10209528,0.0075264387
498,,-0.4627088,0.06151593,0.007414154
499,,0.10349876,0.32137024,0.007431451
500,,0.053134434,0.3981063,0.007473901
501,,-0.07631017,-0.30273062,0.0075903367
502,,-0.048767395,-0.4097204,0.007602008
503,,-0.31142813,0.13047393,0.0074825827
504,,0.32355723,-0.105503164,0.007473374
505,,0.2127653,-0.06926167,0.007477573
506,,0.4704044,0.040179368,0.0075054998
507,,-0.4670502,-0.037349936,0.0073794927
508,,-0.33359283,0.046899576,0.0073941685
509,,-0.26189646,-0.19580337,0.007424848
510,,-0.25411478,-0.44386643,0.0076623466
511,,0.25125602,0.18233316,0.0074277893
512,,0.2560813,0.44013244,0.0073229894
513,,0.24623866,-0.14937784,0.0075703757
514,,0.39059556,-0.12711066,0.007506703
515,,-0.22699021,0.1334098,0.0075158114
516,,-0.09984178,-0.3410586,0.00759543
517,,0.17360623,-0.36074015,0.0075632185
518,,-0.18087466,0.33376506,0.0075704046
519,,0.03865352,-0.47062853,0.0073095383
520,,-0.035934407,0.4659419,0.007441625
521,,0.24629337,-0.38294962,0.007537408
522,,-0.25703105,0.3605552,0.00761512
523,,0.29536733,0.1559109,0.007452987
524,,-0.33742255,-0.12016524,0.00734453
525,,-0.063349955,-0.26088697,0.0075850133
526,,-0.18333182,-0.29052106,0.0075348103
527,,0.18511276,0.27277625,0.0073807547
528,,0.4060728,0.044877663,0.007508114
529,,-0.40236148,-0.036036376,0.007397944
530,,0.47161806,0.13748801,0.0075884964
531,,-0.468188,-0.13610773,0.0075371275
532,,-0.4556164,0.1616174,0.0074989926
533,,0.4616131,-0.1505735,0.007576734
534,,0.13634855,-0.46608195,0.0072664246
535,,-0.1358228,0.45883384,0.0075591058
536,,0.4693459,0.23587747,0.007737551
537,,0.23802032,0.2350891,0.0074064564
538,,-0.23827343,-0.2517553,0.007483946
539,,0.115304746,-0.34242368,0.0075734844
540,,0.23769692,-0.4645338,0.0073068244
541,,-0.113796584,0.37888744,0.007528847
542,,-0.23975657,0.45604166,0.007655372
543,,0.15636118,0.45586646,0.0073275976
544,,-0.1538627,-0.4601087,0.0075637344
545,,-0.12472228,-0.30098954,0.007565628
546,,-0.3687952,-0.32723823,0.0075873053
547,,0.3722001,0.3244941,0.007498008
548,,0.11921988,-0.39928,0.007524372
549,,-0.36055088,0.2615429,0.007597495
550,,-0.37699145,0.15641588,0.007528035
551,,0.41091716,-0.30043748,0.007795103
552,,0.060176652,0.46440256,0.007374743
553,,-0.05727099,-0.46856943,0.0074012335
554,,0.2924048,0.28389475,0.007442996
555,,-0.29007077,-0.29504284,0.007521781
556,,0.39672694,0.22666076,0.0075522354
557,,-0.38992766,-0.22586831,0.00751808
558,,0.28222537,-0.23567547,0.0076234527
559,,0.45253423,-0.23856027,0.007737444
560,,-0.44896525,0.2627656,0.0074850805
561,,-0.34143236,0.46036264,0.007665716
562,,0.46411487,0.33574083,0.0077517964
563,,-0.4615641,-0.33648476,0.007775126
564,,-0.44424036,0.36298135,0.0074336836
565,,0.33706838,-0.31783172,0.0076815737
566,,0.33964956,-0.38744807,0.007600094
567,,-0.46592218,-0.2357117,0.007723286
568,,0.34918857,-0.25892308,0.0076891333
569,,-0.24923566,-0.1400273,0.0074343598
570,,0.22814429,-0.2065743,0.007619775
571,,-0.2618049,0.18776394,0.007540131
572,,0.26629394,0.108770564,0.0074464893
573,,-0.012619656,0.28344944,0.0075267237
574,,-0.26611745,-0.008506899,0.0074187443
