Element Label,S11,S22,S33,S12,S13,S23,Mises
1,53521.67,53372.074,83480.0,6866.943,4944.958,-3996.9553,34128.5078125
2,-92357.11,-119100.66,-108414.46,-6178.7773,16231.478,4806.565,38959.58203125
3,93862.39,73655.35,92137.0,-18641.396,3787.8723,-6713.113,39964.76953125
4,-75654.64,-78340.75,-89447.39,4025.0989,9400.63,7799.5083,25624.658203125
5,20398.469,47369.69,27722.516,-4233.5103,5331.616,-7137.313,29587.49609375
6,-75466.03,-62391.31,-74520.25,-826.33746,6455.036,6098.7275,19952.73046875
7,210972.48,173477.47,183169.14,3963.663,-7964.8135,1424.0184,37147.6171875
8,-205584.11,-220130.2,-180500.53,1962.8541,4977.382,8433.131,38792.75
9,173220.95,186137.92,194347.6,-5889.899,-8227.427,-5597.221,27229.064453125
10,-78405.914,-94780.914,-90162.766,-13065.328,5848.89,3791.8132,29524.841796875
11,22688.951,22523.36,20713.166,1.858872,271.548,244.10649,2000.99047851563
12,-91235.24,-91052.53,-69576.234,-363.8409,-8306.845,-11658.574,32868.88671875
13,98991.11,87506.37,92710.29,-5130.528,2779.102,20485.666,38214.3828125
14,-126175.81,-99152.39,-117319.914,-12508.049,-6156.4404,-1988.1058,34121.73046875
15,48277.527,40949.207,60490.79,12479.546,504.33096,-9910.133,32480.50390625
16,22661.203,20530.543,21162.932,108.698524,-16.802608,-353.8082,2001.01391601563
17,14877.405,15541.492,14972.875,392.7719,-941.0951,-407.5534,2001.20324707031
18,18079.547,1638.1785,35145.684,10397.697,1034.158,8784.548,37432.765625
19,-10312.979,13134.061,14245.463,-5013.5503,188.51779,-331.82028,25551.9453125
20,-8909.317,3366.1162,8962.331,-8277.719,6242.0503,-10438.6455,30000.787109375
21,24559.52,9345.495,-15577.509,-8044.9097,-2096.6328,3337.7136,38374.10546875
22,-76718.19,-77443.59,-77625.695,-379.7872,-790.1833,579.291,2001.0224609375
23,-27998.027,-35445.617,-9920.036,5867.73,1348.8029,-8925.685,29405.271484375
24,5994.2573,-2127.2131,12562.165,-10796.701,-8472.477,6707.449,29367.689453125
25,-22397.506,-17997.275,-17202.123,3940.027,-2757.189,-9948.064,19742.412109375
26,-7868.9937,2579.3362,-27974.139,4224.7847,-15692.13,-2472.3572,39167.109375
27,22699.287,30748.145,-7594.973,8872.042,-2449.2407,-2859.9321,38794.765625
28,30916.654,4051.4668,42978.152,8556.371,-7027.8047,-638.0271,39500.359375
29,-31398.176,5798.2446,371.77972,-4649.5093,-9800.651,-878.43243,39579.0625
30,13627.725,13449.199,7362.1587,-3723.0132,-13072.924,-178.67516,24342.41015625
31,7070.815,33802.75,6814.569,236.17729,-9348.439,-11191.7,36873.046875
32,17664.496,-652.6899,27341.299,-12268.265,-12637.593,2415.4856,39428.06640625
33,10095.381,14087.027,-17150.379,-5368.9097,-8532.958,10534.667,38792.62109375
34,4000.8813,27010.629,29538.332,-1946.8423,12664.577,9900.975,37156.8671875
35,-15380.142,1342.7854,25690.986,-6183.896,4703.933,-1655.3108,38327.37109375
36,-19223.885,-12913.385,7576.968,15445.577,5703.9194,-2171.8901,37635.546875
37,35088.023,54955.254,74487.61,575.4185,4228.405,3553.0317,35451.0546875
38,-1089849.1,-1091536.1,-1107288.2,-5853.5405,10073.97,-5890.264,28087.03125
39,-40414.727,-38529.74,-20072.502,-6684.8423,-4505.7886,3333.9016,24644.001953125
40,2119.9563,2867.5762,2151.7454,-427.46475,709.20795,685.72925,2000.98974609375
41,43913.562,43888.324,44437.234,121.566086,367.88132,-1043.2418,2000.87268066406
42,-315162.12,-314129.28,-313972.75,-624.91846,647.449,337.08453,2005.73132324219
43,-29489.54,-14713.606,-10210.433,10505.752,-8923.567,2135.988,29813.341796875
44,18790.654,7811.8257,13804.247,-9249.847,-10430.268,-10714.951,31908.228515625
45,-302.85886,34758.047,1851.803,980.6601,-1652.0994,-10271.985,38548.40625
46,15122.855,30894.113,-9555.543,-2900.5618,6069.8394,-7285.088,39267.6875
47,-5510.7393,-47166.46,-21381.762,-1140.3436,5477.863,410.52182,37688.16015625
48,-13714.632,11770.164,-11735.492,-10712.9,2003.4861,-12524.287,37813.58984375
49,-13512.247,14876.981,-8994.6455,5793.2783,3197.749,-2271.4739,29067.982421875
50,-7185.693,10137.591,-13513.75,-9540.652,3967.2893,-14974.653,37983.8671875
51,6980.7104,-12805.23,-25310.875,-10622.08,1337.532,1877.4911,33907.7890625
52,-1218.2612,12229.385,-4119.1636,18750.277,-743.4724,-8928.288,39035.68359375
53,37983.02,32205.299,39553.914,-874.3344,2004.8329,-405.52454,7731.15478515625
54,-31103.887,-23658.22,-48266.93,2872.656,2533.3848,-15670.551,35475.4453125
55,39788.38,327.65875,20052.785,-8953.118,-4126.5674,-2719.6438,38491.70703125
56,20230.936,27051.137,16687.387,-6168.4634,3307.0908,-14360.378,29135.224609375
57,-6665.135,-6692.9243,-6073.7817,221.0547,-686.50275,-827.7512,1995.7138671875
58,80951.42,82180.89,82215.89,242.25458,862.9334,145.10773,2007.24755859375
59,3368.2627,2222.051,2390.8923,-816.1071,192.29768,501.58286,2003.138671875
60,24355.596,23351.79,23248.295,883.5827,447.54883,38.338394,2017.34753417969
61,119391.664,119773.53,121264.53,110.826195,-433.4384,-393.87393,2001.03259277344
62,-4228.1836,16059.092,8001.606,1209.1497,5409.0024,-796.14667,20176.515625
63,-59411.22,-81741.375,-54978.816,10991.852,-941.91895,5953.5137,32995.68359375
64,38153.508,18833.695,46536.688,-9243.091,-10609.344,3003.553,35021.94921875
65,-2024.7985,3793.693,-10794.459,15482.895,7552.5767,8711.594,35773.56640625
66,16940.871,-2590.555,5251.1025,-17509.953,-1329.5844,-2789.1582,35188.7265625
67,10227.749,1142.2917,20711.2,17248.68,-2160.5415,7634.7324,37001.5859375
68,28880.584,-9024.92,9424.89,8565.359,5556.611,-6984.805,39204.078125
69,6166.6694,1417.416,1519.4725,-18639.883,4402.017,-8124.155,36339.453125
70,-36041.96,-30000.6,590.23724,2928.7585,-9038.473,-3103.9578,38168.390625
71,11656.239,-21909.48,1022.3811,11977.694,7242.852,-4844.8276,39255.48046875
72,-14731.752,-43218.977,-26010.889,6020.936,14275.847,-1938.1956,36726.74609375
73,-7226.1143,27705.207,31443.5,-790.306,3071.9407,-7796.904,39715.421875
74,9566.498,36192.848,21613.148,-2090.3728,4368.0806,5499.8955,26351.884765625
75,9787.371,-6231.033,25540.508,13679.397,-5912.3965,1100.5793,37775.27734375
76,17099.652,-12004.973,-20970.889,6001.7256,3575.8813,-5191.851,37625.859375
77,-130233.7,-128627.266,-129349.87,-351.63037,-632.6246,404.28223,2000.97119140625
78,16355.35,15835.801,16419.678,366.1714,-79.72158,1044.8647,2001.00695800781
79,37892.543,36985.137,36716.4,319.87543,-635.9232,-669.49695,2001.07360839844
80,-34832.754,-33406.676,-34508.953,-744.65,181.64407,433.22006,2000.57849121094
81,2116.9934,2094.6877,1888.5985,-26.257662,-925.4485,679.1908,2000.72509765625
82,-106244.414,-104904.31,-105428.88,932.65436,88.993805,-13.837545,2000.48376464844
83,44237.12,43876.047,45373.05,-275.0759,174.6178,786.2427,2000.96789550781
84,125706.555,124864.164,124135.44,-54.323208,-286.22668,794.535,2000.75598144531
85,29906.28,31444.867,31693.87,-346.41602,-525.4089,45.34124,2001.67663574219
86,151690.19,153547.2,152024.97,-46.30802,533.76904,261.79266,2001.41430664063
87,91669.484,93799.445,92861.95,157.48283,-243.30966,-334.22827,2001.48217773438
88,-246791.31,-247282.88,-245575.95,324.0764,603.7531,-318.13818,2007.09313964844
89,3302.6067,3369.1838,2815.604,-290.75266,-1075.5317,42.47687,2000.83911132813
90,-65346.19,-66300.87,-67595.69,-104.95826,196.36804,96.507935,2000.19262695313
91,-35762.363,1741.6123,-13288.239,8607.757,-2660.8438,-8868.208,39347.4453125
92,-1292466.2,-1293017.9,-1314907.1,-2261.0288,10486.957,-13618.948,37325.7421875
93,73894.664,73971.25,72691.29,-602.5857,607.62836,-293.8102,2000.51916503906
94,188868.47,193595.33,212870.62,5052.7886,-864.45215,4678.029,25089.392578125
95,70340.1,69414.69,69571.055,607.3205,-828.5852,-183.88907,2000.93933105469
96,-45669.484,-26486.84,-36471.887,19409.49,-3879.4783,1578.8997,38196.20703125
97,21449.525,11682.853,-15249.241,-4479.557,8195.976,4241.6973,37409.35546875
98,-2399.7454,-9574.417,-29104.049,5027.668,-14176.685,-7810.2563,37878.34375
99,-40454.58,-37725.11,-21871.809,18964.225,-340.34567,3979.2026,37799.78125
100,3985.1882,-2379.0479,-13849.623,1571.4705,-19293.352,1142.1755,37055.3828125
101,-19154.812,7030.3877,-8571.712,4672.817,-12374.097,-458.15717,32342.484375
102,-6857.2046,16650.936,9577.449,-6566.8413,-11428.468,-6526.0615,32944.66015625
103,48251.844,16138.07,24794.184,5233.924,-12964.286,3700.0735,38153.8203125
104,-1292933.9,-1304151.4,-1314742.2,5625.571,6224.442,15393.513,35761.08203125
105,-133915.58,-140572.61,-125363.54,-2781.248,5065.848,5429.196,19052.7578125
106,21443.041,21399.164,21956.383,262.297,995.48694,-414.87677,1995.92565917969
107,-255961.48,-267405.22,-256829.69,2823.9263,-684.9666,7784.9673,18136.30859375
108,16134.842,12646.423,19732.22,-2456.1826,-790.37665,200.03142,7599.47265625
109,48837.6,48068.633,46676.723,270.83743,212.98593,127.56158,2001.00622558594
110,51746.293,52073.145,52259.13,299.9604,1032.9921,-306.90817,1988.95349121094
111,-336135.34,-334297.5,-334163.2,339.0933,-11.708963,-45.793167,1998.55200195313
112,4832.3774,28382.928,29885.537,-1840.3011,3612.6238,1125.1847,25404.427734375
113,23529.584,-8036.55,1645.9482,5730.0674,1239.0828,12588.68,36919.69921875
114,23489.809,1610.1317,10191.038,-12662.428,-495.29016,-13410.288,37227.1328125
115,45249.54,9591.039,8515.283,-1187.2678,8577.147,1772.5254,39311.609375
116,5463.309,-6478.115,-20244.863,-463.29102,17103.482,4166.594,37773.3828125
117,-13856.607,-18476.908,-29827.28,16976.686,10976.966,-4713.2266,38669.99609375
118,-22838.344,3.3644042,-11541.17,-18103.566,6256.539,3850.0288,39197.46484375
119,14474.724,-5738.5366,-9897.969,-6755.8223,-9532.778,-353.42477,30329.39453125
120,-4173.7744,-21666.076,-36427.04,9360.42,9711.841,4245.164,37174.53515625
121,-14753.904,-23465.74,-7005.796,-18102.46,-9563.5205,196.02136,38223.35546875
122,141539.4,105537.37,146675.12,1244.5338,1530.1553,1559.062,39068.93359375
123,-19554.936,2828.8896,9519.479,11044.624,-8462.513,5146.6357,36821.4296875
124,9026.359,-30293.104,-19671.88,6762.94,2932.3005,2977.2754,37826.04296875
125,34458.82,13176.66,29559.596,2744.381,3314.3008,-7238.382,24194.99609375
126,-32094.594,-206.14598,-35579.87,-1731.6987,-5365.155,-8810.93,38319.8203125
127,27946.22,-5609.2964,-13066.882,-1944.9614,-2411.347,-2095.6863,38390.09765625
128,3620.2104,10510.08,36380.53,-10419.247,-8223.464,6350.9385,39300.83984375
129,2849.982,3825.6257,-10820.421,-651.4083,16257.249,-3.8845675,31548.95703125
130,-6417.6113,-6764.413,-6360.737,-231.09383,-661.7575,892.0554,2001.125
131,31791.242,31336.21,32448.957,987.26874,92.04713,-196.23898,2000.99206542969
132,31098.475,31623.797,30816.94,40.129677,143.96661,-1069.779,2000.85339355469
133,-169662.33,-171289.39,-170677.02,704.56775,197.16563,-352.246,2001.01586914063
134,83828.64,85859.39,85241.93,-459.93292,-99.76591,170.08713,2000.63952636719
135,1758.6893,17869.398,-20570.254,-562.0631,-660.59314,-9769.08,37502.4453125
136,42231.82,42979.95,43400.125,123.53755,930.4464,-321.295,2000.81433105469
137,16659.15,3468.9072,25413.844,901.9847,-5191.807,-12548.555,30361.287109375
138,20812.127,10494.623,3422.6794,-7160.0483,-6069.5356,-15377.536,34686.4609375
139,-7953.205,13697.437,33145.74,1311.7861,-715.5178,8028.994,38316.41015625
140,-25370.252,-3824.572,-15754.473,-713.4004,17719.361,7177.1577,38045.890625
141,-14069.561,-4202.4775,19062.316,12147.958,-6317.236,4621.1533,38660.984375
142,-70825.414,-58115.668,-49266.64,-3416.9448,11936.83,-8588.3955,32188.25390625
143,10350.438,13529.812,22714.703,18374.797,3033.5967,-6215.1973,35778.015625
144,-15005.148,-48313.92,-39535.203,356.20526,9935.921,3991.3003,35191.92578125
145,17803.125,18107.553,17830.44,559.3869,962.3256,-259.41183,2000.98571777344
146,14784.078,14836.0625,15858.033,-606.3099,-458.20654,613.1996,1990.22326660156
147,239620.52,239825.02,240022.69,518.5397,-480.95563,-887.89453,1996.74560546875
148,-1024710.0,-1024028.25,-1023608.8,473.61172,-879.61206,-166.48523,2000.97241210938
149,-152641.72,-153155.9,-153053.64,-340.38025,-311.34406,1023.6059,2000.98767089844
150,52400.516,27560.121,14336.452,-4147.2397,-7571.945,-8239.88,39340.5703125
151,-12621.885,6924.0693,-30626.26,-5784.7153,7791.8936,-7031.306,38587.0703125
152,1498.7792,6276.8867,-994.25867,-2108.2683,19758.938,-8222.13,37793.50390625
153,17740.883,-1706.6653,16278.011,9858.052,4820.6567,-14899.833,37137.21484375
154,-27275.44,2279.092,11471.777,-2771.9888,7645.2676,-4545.8613,38601.26953125
155,-3864.181,26164.541,1868.8134,-1853.89,5704.7227,-15041.129,39358.42578125
156,-16399.236,10925.671,11800.613,-424.57626,12138.028,-10583.377,39368.55859375
157,-20175.154,11377.134,10123.57,6526.6797,-11683.336,2985.5798,39007.6953125
158,22314.717,22994.436,21304.793,647.0719,-284.88315,-334.60574,2000.97277832031
159,10070.374,9428.444,10173.575,-26.330923,1014.20764,-377.28775,2000.98522949219
160,16867.104,16632.297,17289.912,-948.94885,547.25977,153.59229,2000.98559570313
161,-62621.95,-63779.438,-63251.523,-744.6075,66.167786,-583.8507,1925.23205566406
162,-50505.664,-49339.883,-50026.484,-246.95909,-849.1674,-457.41492,2000.98669433594
163,35252.04,35500.33,35273.35,663.78015,-827.9956,-435.31036,2000.95922851563
164,-74951.89,-75759.65,-75287.6,-1048.0388,-130.68562,-231.07213,2000.14416503906
165,-35066.605,-17566.89,-5120.1978,4209.1396,-10613.563,11065.828,37913.390625
166,37552.957,36874.72,42910.99,12408.8125,-2095.7888,-18653.166,39392.09375
167,15474.96,17508.357,54911.96,-1486.2805,3248.0803,-35.95561,38955.125
168,-14909.72,-14340.85,-14685.459,-813.661,-550.2278,-536.3077,2000.89807128906
169,1474.4042,356.9379,241.8037,-339.94952,-633.4167,-595.24286,2000.9833984375
170,-13971.213,-15461.176,-15469.933,-22.137728,-586.388,-495.90378,2000.97424316406
171,-38536.26,-7387.008,-43458.043,-7861.926,-3204.4888,-6425.637,38573.46484375
172,-3696.8748,19745.09,26353.393,-14244.832,7853.456,-2946.8875,39597.1640625
173,-62044.023,-76513.125,-61089.797,13334.061,3729.4648,9474.167,32687.458984375
174,35535.496,35130.062,35952.57,-564.1173,104.083534,914.57367,2000.98559570313
175,19803.46,21173.326,19697.96,693.0612,-345.66882,-239.65242,2000.98571777344
176,20265.795,19426.156,-13403.452,5274.383,-1016.9869,-6836.7383,36508.03125
177,-33014.004,3255.8223,-31398.664,6018.7583,-4579.509,-1733.3202,37949.00390625
178,16711.44,16681.227,17774.877,618.8264,463.40564,-590.7418,2000.98522949219
179,7921.8315,7228.2446,7884.237,217.97647,-285.90457,1026.252,2000.93615722656
180,35740.133,17416.742,59970.586,2412.277,3056.1897,83.87553,37581.17578125
181,-71329.72,-61952.98,-62803.926,983.98883,1009.19476,2180.015,10044.1904296875
182,-7696.1797,29931.857,5177.261,925.31354,-7464.4077,691.02856,35613.83984375
183,-13046.85,-15936.063,1466.3344,-10034.236,14555.405,6866.166,36605.7578125
184,8906.872,18472.777,16805.395,147.52519,865.8889,1346.8083,9278.6279296875
185,3278.0913,-2157.356,14333.26,3880.996,5383.7104,-6750.0186,21924.375
186,11525.383,11813.32,12156.409,-16.778564,751.58624,-499.34933,1656.18408203125
187,94715.9,94022.0,94901.68,-59.377182,-1050.537,111.89611,2000.986328125
188,-32577.125,-23619.336,-31567.193,9879.866,283.90054,-19767.604,39211.8203125
189,-23159.514,-2588.9688,-25709.64,15571.071,2510.495,-10741.595,39680.42578125
190,-29577.234,-36533.51,-70704.66,1756.9601,-618.0706,2411.6067,38491.75390625
191,10050.283,-2160.1865,14829.361,-713.62695,-4659.8667,-1510.3276,17429.9765625
192,3502.734,3989.1606,-4501.52,270.148,9796.056,-1686.5231,19100.740234375
193,-14428.78,17798.18,9633.259,-9320.723,-4705.8804,-6105.5083,35791.16796875
194,-17161.61,-15687.926,-1346.5078,438.68967,-1422.4297,9520.272,22528.576171875
195,-31180.924,-456.66995,-21377.809,-6478.4565,12452.303,-6681.3853,38260.95703125
196,20455.383,12862.767,47284.57,1727.9469,11287.284,251.21632,37047.4296875
197,-22605.45,-8277.713,14162.011,3622.217,-8164.1006,4757.923,36572.78125
198,13191.118,-25531.736,-21471.264,-2510.3716,-2966.8723,5371.5493,38608.125
199,-26326.688,-20475.469,-46897.12,4320.0786,8536.431,5503.8354,30711.876953125
200,-31173.336,-15938.059,-41611.6,-12783.107,-12948.395,-2720.9658,38929.65625
201,-654243.8,-653377.06,-665642.5,2675.0515,-15781.951,13175.994,37816.125
202,-90122.766,-91649.57,-63048.8,-11939.528,9042.947,3996.4856,38698.3828125
203,64322.383,52966.66,52165.38,3773.4883,2294.9927,3084.3215,15025.0244140625
204,84450.55,85966.875,82713.49,2862.497,-4416.8955,-1014.9033,9703.0517578125
205,15327.708,7725.1836,5141.5137,9252.029,2394.5278,5544.1255,21220.970703125
206,4100.9316,2292.959,3926.5369,-397.57736,-307.86127,-295.13495,2000.93249511719
207,-106663.87,-105700.34,-110465.125,-488.6963,732.59515,2677.4275,6547.744140625
208,1660.1816,1297.5321,1528.6979,-30.00866,-983.2576,-577.2736,2000.98547363281
209,1509.7292,548.41156,1357.0386,-511.61575,-864.2884,-242.93036,2000.9853515625
210,12078.883,12776.835,12789.843,-490.80862,-931.42395,-246.3918,2000.96044921875
211,-77448.47,-77992.21,-78577.65,418.58002,-726.4076,-559.2535,2000.91101074219
212,2123.0752,3316.0984,2061.5088,1675.3857,-230.28989,-419.62912,3257.09423828125
213,-902.403,16298.477,3451.2156,2144.0984,-1859.0637,-2584.7349,16856.46875
214,323.7633,946.54443,460.82315,472.09464,37.387733,1001.627,2000.96655273438
215,-22280.184,-22194.61,-22931.748,1.5056571,-399.79605,1006.0756,2000.92443847656
216,44515.82,44579.914,45363.016,-748.5898,529.41516,521.0102,2000.97583007813
217,31050.004,32432.377,31628.877,566.04175,523.1945,508.49664,2000.98596191406
218,5950.374,5141.889,5158.506,457.36243,-20.856983,954.4854,2000.61560058594
219,40175.555,38532.32,39279.387,2.1842964,-687.2399,-430.5638,2000.94689941406
220,-1410.2742,-1064.2046,-1377.1982,1096.8344,-103.14182,290.67715,2000.98547363281
221,-148837.9,-148580.5,-150237.1,492.8485,59.989223,541.68665,2000.97766113281
222,21669.232,19542.082,20265.75,-68.60155,-49.91585,397.1733,2000.98645019531
223,26054.205,24074.965,25264.123,-495.2547,-293.99252,100.66226,2000.84594726563
224,91289.81,92161.78,92988.28,-618.7477,-42.58779,478.1388,2000.98767089844
225,54755.582,52841.242,52997.086,291.29443,-322.44186,-124.91413,2000.97998046875
226,24376.139,24403.14,23876.744,-91.115036,-229.72643,-1088.8994,2000.9853515625
227,104978.72,103759.336,104225.07,-849.49316,481.43585,50.928127,2000.98291015625
228,8163.061,9169.907,8361.963,521.68964,-870.853,140.55757,2000.98522949219
229,129350.32,129234.0,128544.42,-603.03906,776.6684,-421.92545,2000.98315429688
230,86385.21,86297.45,88273.3,245.24565,73.14561,-151.88731,2000.98986816406
231,72954.984,71433.72,71401.164,-686.05774,265.2567,68.74033,2000.52941894531
232,62847.58,61242.355,61411.047,576.3285,282.38358,380.28665,2000.98681640625
233,88328.27,90122.84,89536.086,635.48114,168.72862,-254.90172,2000.90747070313
234,12964.431,12515.635,12714.5205,1101.1923,264.56842,-38.150524,2000.98559570313
235,-57877.89,-54796.617,-68191.67,1962.8105,10357.338,-1317.6611,22050.80078125
236,68892.555,90264.19,68325.84,-4736.668,-9651.159,6956.682,31001.748046875
237,81197.56,88084.58,63151.15,2868.2854,-1106.7789,3973.1763,23939.599609375
238,7588.4526,12229.2,-19202.176,9171.222,8486.817,6353.778,38119.89453125
239,9941.97,9304.172,27681.416,12751.421,-2122.1367,4705.667,29902.265625
240,2271.3882,22333.828,-1111.5436,14183.575,-4507.395,3852.0427,34507.9921875
241,797.77295,14597.877,-20222.348,12069.613,5802.777,1810.9604,38343.84375
242,-97.36028,17611.006,16448.834,-3238.6555,-2323.1272,-6530.5283,21678.50390625
243,4216.8096,36234.246,5149.4893,5083.288,2308.2825,-4548.6475,33936.6875
244,-6259.3423,-20986.824,22106.312,4823.1436,-1402.6644,5410.988,40034.8671875
245,4176.4404,-20470.121,-38001.12,-8005.6665,851.84924,-1257.0826,39319.9375
246,5320.7666,-30293.893,-13297.721,1157.3673,8778.756,-2510.3018,34728.71875
247,-19678.441,-33909.902,-58984.594,10273.382,-2965.8533,3060.6912,39487.2578125
248,-14634.137,17505.76,-17367.422,-7821.527,-6983.7188,-6245.442,39688.20703125
249,11836.623,-926.80554,-22115.982,4300.4116,10761.103,2868.348,36192.5390625
250,603.1178,8624.147,-16137.726,-17895.475,3444.4448,-6753.3867,40150.12890625
251,-28104.87,-14828.869,-46230.164,-15495.916,1237.6669,-5989.3804,39723.96875
252,244.8621,-6445.1577,23478.863,-13962.331,-7801.0825,-2112.4294,38997.55078125
253,-13986.898,-7416.635,13123.359,-2052.152,-3088.7395,-3521.9177,26047.638671875
254,-17172.684,-11352.103,-52243.668,1696.1215,2979.1694,818.8785,38797.6171875
255,-24553.072,4598.6475,-19978.408,-3618.6104,13863.785,3874.9504,37394.296875
256,5860.5786,27701.26,26701.543,1266.2572,-1141.5144,-7726.233,25376.833984375
257,-17164.844,10119.855,-21248.738,-12010.885,6197.3545,7141.8516,39668.43359375
258,11308.107,-2527.545,18088.436,16657.527,-9582.582,-6436.553,39539.76953125
259,-9646.475,3338.9192,-14989.889,-20122.332,4676.694,-679.4546,39348.2265625
260,-16829.291,-3465.683,3786.8667,-1031.6345,5149.7666,1415.634,20417.416015625
261,11990.708,8657.178,2217.1777,-18656.135,3670.6602,-10600.147,38674.5234375
262,16069.6045,19763.145,-21005.895,-1562.8313,-4778.3164,-1787.149,40132.0390625
263,3048.7888,-10509.892,-4011.83,2084.4507,3797.2605,-13678.664,27487.5859375
264,12890.165,3670.8206,-12291.869,-10296.508,2633.9312,-6739.024,31017.408203125
265,-8779.478,-9069.306,15699.456,7999.8853,2557.5344,6842.0386,30958.921875
266,-7406.952,-18350.186,-879.8032,-6485.454,-8569.389,-4477.884,25306.66015625
267,-13312.961,17042.17,-4208.0884,1293.1385,88.36852,-12551.796,34722.26953125
268,-3765.5605,6010.7666,10581.449,-2915.6648,-5623.9604,-9324.011,23288.4921875
269,37117.152,7079.623,14223.522,-7647.6704,-2219.7375,3082.6914,30942.763671875
270,27418.723,-9908.331,6083.955,4193.6045,4536.009,-9449.731,37874.72265625
271,11588.447,9117.82,-10847.644,-2848.9119,4572.713,-5538.354,25162.453125
272,8281.322,-4538.4316,24971.072,9748.579,3293.4817,2698.8604,31565.001953125
273,-1497.0955,-14257.456,-12685.606,606.009,6793.15,4727.1616,18756.884765625
274,-9646.173,-24143.414,-8775.067,14464.606,-14751.818,-6009.922,40155.171875
275,112310.5,111595.945,123893.65,3908.4756,17985.26,-3167.1162,34486.0234375
276,465.93555,-25462.156,-26144.137,2213.5195,-8094.564,-7053.3354,32418.00390625
277,10774.368,-13254.086,9532.107,12783.555,1547.2639,-7894.439,35120.7421875
278,9339.573,9674.393,11046.8955,-18.134161,366.12704,617.89996,2000.98559570313
279,-57035.13,-58224.047,-58112.547,648.65576,468.02625,-513.43726,2000.91381835938
280,-205017.55,-206421.94,-203719.8,-3503.4849,905.5165,485.06168,6742.994140625
281,-19525.984,22772.709,8328.751,1630.9534,2099.3506,-7086.877,39480.62890625
282,30337.82,31763.783,30201.17,758.89905,52.457237,83.6751,2000.98596191406
283,44572.52,46176.85,44090.73,-89.82947,-92.773346,353.53186,2000.9833984375
284,5915.664,-15196.097,-9770.35,-2640.3298,2727.3147,8985.26,25417.150390625
285,-26374.574,-39744.875,-34946.277,-16184.534,-2404.8716,7133.8853,33067.76953125
286,728.4153,1462.6725,579.6894,-197.60074,-961.2478,-384.86218,2000.98547363281
287,30077.648,20391.611,8482.539,-15975.523,-770.34875,11378.486,38818.02734375
288,5041.5605,13707.416,39421.44,-13085.64,-2642.1829,4674.9507,39488.64453125
289,-81121.3,-91035.57,-61720.492,-14542.513,7159.187,5800.241,39448.36328125
290,-411344.06,-412843.75,-413183.78,693.6515,-16093.676,-14246.834,37286.11328125
291,21787.496,10327.576,48723.9,-11556.338,-1395.5438,-459.44223,39657.42578125
292,23320.635,30913.402,13331.107,16448.865,1483.7056,7411.1084,34876.3828125
293,12617.218,30138.162,5614.944,-2939.8828,10758.302,-1633.0402,29323.26953125
294,-23981.385,-17989.188,-2374.911,-5632.699,-4631.4893,-7004.1665,26076.51953125
295,18278.322,316.26367,43622.21,-7769.2935,1689.829,-47.726475,40122.7578125
296,5098.661,5446.3857,5862.267,1059.3137,-199.59305,-162.73547,2000.96960449219
297,13181.793,12288.149,14445.659,-364.44547,-125.182976,104.98391,2000.98510742188
298,748.16,565.7111,964.57837,-332.01242,1063.057,233.35638,2000.98547363281
299,2199.9329,1137.9774,1984.4247,-433.20142,597.2738,-689.30176,2000.98522949219
300,-241640.98,-240836.02,-241858.0,-36.3941,369.3411,-952.35785,2000.98217773438
301,5053.1055,7322.7397,21733.082,-6968.4116,-5770.4854,1720.2784,22359.90234375
302,27218.348,7774.389,1932.376,-9622.587,5373.9976,-3577.7417,30473.123046875
303,-30703.889,-22398.594,-63965.566,6745.7817,294.82626,-899.93195,39884.484375
304,5657.3794,9559.094,-18241.379,12572.248,-3760.4473,9537.833,38329.3359375
305,272.69525,-13345.612,13246.834,-1191.8815,-980.6821,-1185.2715,23277.326171875
306,11019.324,4433.3423,-311.69116,6167.468,-8872.453,-6331.041,23825.65234375
307,222080.7,222339.66,220439.42,51.616314,-78.23472,513.6316,2000.92053222656
308,36250.742,-7851.951,18710.912,-4374.275,2650.6448,-491.73788,39475.88671875
309,10419.898,12555.599,17917.55,-65.27831,3486.2842,-7067.456,15201.4931640625
310,21906.857,27944.29,30621.38,525.79834,-5296.3633,-8543.928,19072.494140625
311,-40946.168,-1824.9408,-28153.006,9487.832,4486.7466,3589.512,39531.6875
312,9798.457,17056.574,17049.717,-11901.637,1212.0122,-968.30194,22018.111328125
313,-23782.262,-29641.436,-30430.203,-7588.6396,11824.516,-5481.8623,26869.05078125
314,-1226.2032,7980.9795,13673.322,-5482.604,2566.598,4803.5273,18674.74609375
315,-41563.13,-5300.648,-22458.623,5543.6836,12380.228,-676.7896,39249.89453125
316,-22611.336,-21994.06,7567.202,513.11035,-4841.453,-3661.4065,31683.169921875
317,-2533.012,16533.305,-8058.799,-13458.726,-2430.1147,1924.9385,32736.2109375
318,-495260.66,-483629.47,-499161.34,2747.2695,-15961.256,-7874.0366,34187.69140625
319,154039.94,154915.69,155062.53,85.06875,675.436,-751.51276,2000.44128417969
320,41173.055,40638.61,41540.67,467.93356,64.70628,-948.233,1996.0283203125
321,35589.445,35558.395,35628.855,-450.55817,-316.4284,1015.0226,2000.9853515625
322,9382.247,4381.0425,10193.26,-2595.0366,1693.2308,69.859795,7651.41845703125
323,37554.645,35449.234,39237.207,1001.7893,-1392.9738,3522.1296,7540.18017578125
324,-33974.914,-32445.559,-32740.123,600.1883,142.99928,-543.5474,2000.88940429688
325,43496.824,42994.14,43160.734,-349.92596,-1067.9731,-77.88905,2000.98596191406
326,134105.9,135752.56,135952.52,-296.0356,-247.06061,-398.8344,2000.98645019531
327,-30323.873,-15097.087,-12263.694,12955.132,-10275.72,350.51712,33221.5703125
328,-24685.33,-7454.261,-33821.613,11292.402,-7542.674,5682.3896,34466.0546875
329,34732.836,42619.902,41096.168,10550.157,-10388.081,6023.816,28618.578125
330,5458.4453,13131.528,22048.914,6996.936,12981.23,-1193.1677,29385.35546875
331,16347.848,-3769.0852,25987.51,-16029.198,-2286.1501,-449.05154,38452.88671875
332,11350.088,-718.55835,-20466.918,3954.6917,-9705.311,-540.0209,33231.890625
333,30035.215,8078.4624,41134.31,-15222.48,-317.36368,1916.4685,39439.58984375
334,24901.227,-4390.9907,8024.702,8344.906,-5979.4443,8329.125,34246.12109375
335,22438.676,-6144.6157,12504.837,4390.806,1014.10187,8048.195,29782.326171875
336,-22635.865,9252.414,-29785.703,6645.721,-6589.9243,2405.643,39700.35546875
337,-4307.8164,4464.124,2314.7102,-2234.9402,-529.17865,-7939.8687,16360.3759765625
338,3122.8772,-3523.9297,14830.84,-13862.779,-6454.254,-8918.376,34629.34375
339,72111.125,71703.58,71660.086,375.7324,942.95776,492.342,2000.98620605469
340,88496.14,88302.69,90235.1,-40.73703,390.0339,218.1632,2000.48986816406
341,-52085.273,-52191.17,-52870.258,-193.20625,-1055.5746,40.665154,2000.986328125
342,-3310.295,-4227.7026,-2135.829,162.10417,-273.31186,364.77982,2000.14880371094
343,243063.12,242995.8,242270.72,-547.00476,511.7114,-628.42535,1856.61865234375
344,2500.9756,3799.989,1737.415,14.768482,-336.05002,-366.13153,2000.98364257813
345,56649.938,48513.57,59017.363,-5587.9497,6018.6846,-2205.677,17550.26171875
346,10135.305,286.47705,3051.8682,424.54944,-3702.9856,-911.7105,11026.4052734375
347,3224.5286,1672.1659,1544.8872,416.01947,215.3848,480.6829,1993.78259277344
348,-3114.8396,598.7194,2792.5134,-9052.54,1777.1697,1985.4873,17143.423828125
349,10222.208,-9356.87,-883.14514,-6859.8584,209.95857,2485.0933,21191.24609375
350,-19865.553,-13462.323,-15781.718,5481.7515,-8000.981,-7507.4243,21972.92578125
351,38122.18,39378.82,39940.66,311.53693,576.35406,195.9446,2000.93505859375
352,129517.12,130407.24,128354.164,-219.34642,-333.39337,339.6028,2000.93444824219
353,-37484.38,-37607.637,-39277.652,-144.82574,-482.44107,-278.20996,2000.84008789063
354,13848.21,13860.75,12880.548,-412.68353,-182.89725,-902.58936,2000.98522949219
355,-12272.357,-26614.771,-11107.8125,-906.4864,777.80206,4394.462,16910.865234375
356,-4872.343,-1727.2853,-25754.047,-4453.7715,7479.8184,1030.8821,27242.439453125
357,-3155.61,10727.343,-5046.983,1734.3462,1731.036,-221.2332,15515.529296875
358,3235.9907,6217.308,-6884.1245,-12102.238,-491.57764,-3627.2786,24921.1796875
359,1292.6699,21811.113,1048.4717,-10367.708,3507.77,-3575.2515,28702.009765625
360,-1568.0278,-1723.5176,-20491.562,10773.169,-2041.6329,566.22955,26773.71875
361,943.579,3390.3193,-2367.405,-5242.75,1641.5487,-627.5319,10806.248046875
362,-2896.3079,157.06924,2025.8962,6980.3735,7013.2603,-502.14017,17692.162109375
363,454.1809,4509.343,3081.1533,-4390.5933,749.5637,-2381.6743,9446.009765625
364,168.40137,12808.83,6770.0127,-3117.3135,4627.6016,1342.9453,14789.25390625
365,4608.513,11656.892,4654.1465,18121.398,4343.639,-3645.8635,33630.25390625
366,1720.5393,2474.6494,-1170.0275,-3335.695,-346.33627,1392.0292,7117.41064453125
367,13587.698,-10100.892,-19018.635,-7652.186,-4495.118,5258.053,34222.09375
368,-12582.561,6830.7295,8630.092,5253.3926,-8070.371,-3928.702,27194.4140625
369,44217.938,36413.785,48648.074,1276.0359,-336.76538,2749.39,11958.546875
370,-31315.184,-28809.4,-37722.31,774.56494,47.00897,3129.3137,9724.677734375
371,17657.238,30906.914,12913.916,580.43414,-5056.4663,-1582.8113,18604.5859375
372,83.95471,-5102.185,7576.715,711.2988,-228.42555,-449.9462,11143.505859375
373,-3766.2852,605.53784,-1322.6771,4096.66,1323.576,-2356.3958,9309.2578125
374,-5119.7695,567.12604,3467.733,1248.0717,407.45142,487.52747,7945.6845703125
375,-7841.995,-6630.038,-4918.8228,-979.5775,-1212.6423,1297.6687,4337.4033203125
376,8973.621,17189.15,31906.48,-2642.2407,-2411.7266,832.97424,21106.41015625
377,17383.22,11716.518,20459.053,-5557.0283,-1642.0791,-383.39413,12655.98828125
378,-3902.4111,-637.4402,-4423.7617,-4680.4,1481.2631,8407.883,17234.046875
379,-1888.7732,2908.5613,653.7729,-4424.3564,1785.7522,3025.1099,10631.4111328125
380,-17956.316,14470.36,-4237.4116,-4160.1157,5425.332,-2153.4973,30805.42578125
381,-32098.045,-44310.61,-15768.813,-1978.0781,2974.044,-5296.84,27159.806640625
382,22862.648,14639.767,27949.252,-7175.719,1228.1646,-7396.307,21410.9765625
383,26542.414,26672.428,26386.877,143.83247,1001.1642,-539.6212,2000.98547363281
384,-31679.648,-15284.971,-52500.973,-9603.113,-4629.2856,6028.4414,38647.75
385,58576.914,39656.336,37675.793,2613.026,-2820.7761,-1778.7744,21289.19921875
386,-371.4016,3014.5752,8376.25,1324.045,-202.15388,-1388.989,8338.8642578125
387,-21973.758,-17559.947,-46957.69,-8734.119,-11202.32,9123.152,40112.08203125
388,8645.176,-29605.475,10277.885,4423.73,698.9359,-34.124325,39854.828125
389,-15893.503,8923.428,26977.955,-753.5534,3494.5808,-3905.4658,38392.73046875
390,15563.028,-14711.498,-17069.85,-4836.7983,10399.802,-3555.1912,37763.42578125
391,11921.276,31547.393,10673.286,14926.205,3416.8364,-7615.543,35897.40625
392,8371.346,6013.508,1393.3528,1964.0945,2272.313,-2001.7487,8768.296875
393,-24941.65,-30916.691,2112.2031,-3306.5408,12509.007,908.19006,37867.6640625
394,33133.367,43082.63,41601.58,18354.889,1992.641,9756.992,37345.15234375
395,8974.581,-12615.762,-31406.773,-4786.0737,4954.2324,-1157.7197,37031.37890625
396,21679.55,-3453.016,9506.005,1687.1841,-4678.0044,7364.1484,26660.30078125
397,72982.125,51148.83,87531.45,-10533.321,6276.194,2394.48,38396.1015625
398,31725.092,31976.285,31585.021,-27.903107,152.84512,-1127.4778,2000.98522949219
399,1956.6338,20726.46,5647.5024,-3535.4963,100.068954,1831.8422,18553.92578125
400,19893.73,13030.893,17996.52,10615.219,4035.273,1748.0631,20826.515625
401,-14870.428,2213.6575,-36715.61,-3100.599,1667.2642,4410.3555,35182.625
402,-3173.799,4175.879,-3753.5076,792.61566,-6019.1865,-2162.5625,13535.91796875
403,-9309.698,-6612.2373,-15825.371,1623.057,5291.4688,-3543.2583,14031.107421875
404,-957.7085,-3458.7773,-2193.8003,291.8057,4613.48,-2328.8171,9223.3359375
405,-11002.368,3253.7249,1236.0627,-3490.0603,2263.7236,2324.8193,15705.80859375
406,15283.086,9910.962,5334.9355,-12024.821,-12948.463,-11292.894,37332.93359375
407,4267.1836,5428.3257,4512.4565,4446.658,719.4772,-5352.6387,12163.3505859375
408,-1035.1099,-574.04193,-19685.82,835.79974,3045.2988,10012.823,26217.322265625
409,606.05225,1024.9409,6999.323,19433.502,-5392.486,-7608.294,37845.0703125
410,-9859.594,-13323.732,-21909.479,3344.1855,7656.087,-9998.688,24995.53125
411,7050.2373,-3494.6743,10119.818,27.119658,-2842.5452,10300.68,22260.736328125
412,-44200.54,-49583.215,-19324.72,-9825.741,374.36615,-9638.84,36748.546875
413,17322.178,-17164.947,-11443.762,-2584.8853,6557.5386,-1288.195,34333.85546875
414,33141.477,20162.06,9373.776,-5446.6045,-2521.866,-5015.0664,24665.8984375
415,24982.238,33411.22,37807.555,1496.9762,-7354.357,6650.2017,20714.490234375
416,-20892.965,-42527.57,-19538.105,-32.69119,-4416.8726,-1036.7863,23684.55078125
417,10137.758,16717.223,13812.83,-6031.7417,-852.4004,-10373.139,21604.328125
418,36959.55,4379.059,22548.479,-4077.7493,9123.458,8819.103,36504.4375
419,49054.758,48741.55,49428.848,-159.68866,1083.5729,128.89699,2000.98583984375
420,-8588.47,-15432.082,-4533.284,4332.311,3448.183,-537.76697,13560.0849609375
421,-5151.1475,-20304.57,8552.279,-5204.955,5713.8096,8112.5557,31649.994140625
422,1289.401,791.53,2249.8032,473.93555,-5615.2,-4333.967,12379.962890625
423,-22014.31,-24545.77,-14649.459,-2167.7166,-2705.837,6827.659,15975.1552734375
424,3211.0645,17264.523,19539.13,-441.6621,13452.973,-12881.935,35721.2109375
425,-18587.012,-15312.478,-12726.929,-1803.8416,-1147.0742,4903.391,10569.4228515625
426,-4134.3438,-949.40674,-15197.921,-4304.308,-3540.0574,-1012.10364,16249.111328125
427,-231949.22,-231875.08,-232386.42,-607.61304,382.01422,-2370.0972,4315.845703125
428,19294.83,-15125.363,-3377.641,-12675.537,-1475.0853,1382.2148,37585.45703125
429,-14155.878,-9609.993,-9035.4,2972.7712,-8619.944,-3037.9934,17341.21875
430,59967.754,56799.836,53671.43,9956.859,12300.297,-6092.2397,29872.869140625
431,14631.73,9787.561,50792.438,5615.1855,-572.9819,1603.1953,40118.796875
432,10979.541,6777.0454,1912.4893,-8428.088,7760.9014,10306.019,27824.501953125
433,-2971.7986,-6544.621,544.3469,3649.7285,2221.9407,667.66504,9685.083984375
434,-10599.275,-2124.5146,-23282.576,-5730.48,2253.8193,-1195.5602,21406.02734375
435,8924.005,8019.824,357.38037,1126.4938,2491.4436,-3063.1694,10818.3486328125
436,34270.133,64468.293,26938.55,-10267.723,1503.8508,5797.425,40136.94921875
437,21684.191,23766.62,16018.283,-5758.2397,9253.831,5452.7334,22221.767578125
438,-21009.611,-35835.42,-6260.106,-12283.213,1874.6241,-12050.864,39431.84765625
439,-22663.422,-20338.27,-2682.1123,15099.12,848.144,8319.804,35383.12109375
440,9929.99,14255.827,9856.08,3492.4214,-1474.8228,-3111.0989,9549.4072265625
441,-12070.346,-1151.6636,-6423.652,-3853.0261,-1122.4933,1150.1901,11905.23046875
442,-12389.019,-7348.926,-15579.772,-2458.6282,-142.64124,771.0411,8464.29296875
443,-44976.54,-37753.7,-41320.617,2033.8312,-9947.195,-1421.2415,18826.533203125
444,8115.1855,10815.742,12804.846,4109.25,-3826.9595,-353.00986,10563.6044921875
445,-10821.59,13107.965,12991.059,1803.5995,2056.615,3187.7793,24955.4296875
446,24820.008,15855.821,16648.701,-4964.68,-2588.1648,-4790.8726,15387.498046875
447,287.89316,-729.1151,2302.208,317.40204,10212.013,-861.9497,17959.037109375
448,-17807.227,-5455.8926,-21126.316,2156.384,1278.5574,-6182.818,18387.572265625
449,-10694.993,-8430.317,-14493.639,887.22284,663.3022,958.84326,5882.23681640625
450,-3207.5115,-2839.4163,-3085.7944,-279.19336,-243.20844,3822.9067,6660.37939453125
451,-15841.309,-8297.063,-19048.508,589.2484,4250.9204,-13745.8,26711.2578125
452,-18617.938,-26719.496,2589.51,15870.452,-473.18265,-2448.4602,38229.2421875
453,-7407.1816,-11789.209,-15378.693,235.86519,-4617.451,4513.234,13154.9638671875
454,-33499.87,-35843.08,-31370.979,16633.45,1395.7155,11986.684,35803.796875
455,-35602.31,-32331.338,-25085.297,3482.6448,-1520.8948,5450.181,14810.3056640625
456,-59363.61,-20007.803,-46506.51,-2896.6501,-10960.142,-1685.4453,40028.12890625
457,-5962.015,-5495.1978,-986.3386,2904.0261,4415.0854,2320.7412,11071.99609375
458,-552.02423,45.921265,-4019.354,-149.85825,1886.3431,-4342.581,9042.646484375
459,-6414.3833,-8493.219,-22514.984,5571.432,-2892.8633,2814.23,19289.080078125
460,-11476.953,348.594,3932.828,-10845.731,5890.6836,2653.5706,25945.91015625
461,-1997.0248,-2290.454,-5338.732,2652.84,655.7436,-1967.8966,6655.3046875
462,-16781.754,-14028.505,-25427.008,-2814.5212,-3612.7703,241.78542,13008.4443359375
463,23143.818,13692.314,9192.246,3684.8723,-1532.1394,-3193.7036,15181.91015625
464,-9036.576,-18203.443,-44863.934,13454.583,917.2674,-751.3684,39830.9140625
465,9462.646,9578.011,2622.0059,-6802.1704,3101.0605,3218.187,15694.7548828125
466,-28041.201,-44277.188,-15887.152,14262.839,-180.52089,127.58726,34915.51953125
467,-1647.416,13024.824,13701.944,3518.3792,-1444.3867,-3988.0803,17798.26171875
468,2400.2368,9663.8545,9945.927,2996.2522,-3083.8706,-2761.177,11542.279296875
469,6903.6855,5524.871,4951.565,-3534.6118,-2954.4814,2056.5486,8909.3095703125
470,2956.1765,6839.6113,-5554.1514,852.5322,-2759.5813,595.2219,12109.7158203125
471,25590.951,13569.771,1959.2334,-6052.5796,-2629.888,1322.889,23553.89453125
472,-10029.689,-13401.987,-22871.219,-16824.367,-11073.902,4397.0625,37523.94140625
473,2372.7593,26716.996,1193.4336,13648.832,9155.542,5777.961,39156.6171875
474,16194.9375,13753.465,13581.072,-3949.4243,-3700.8196,-3741.2812,11674.1171875
475,4008.1582,8146.416,4514.334,1737.014,-2522.4617,-1355.3972,6995.57763671875
476,13443.244,23713.314,21299.096,-445.53546,-4.989632,-3160.887,10820.2490234375
477,-10437.793,19253.832,-3643.7695,1904.3671,-4666.498,2202.6836,28579.533203125
478,-13493.627,-12403.982,-30373.344,3365.985,1550.8688,5176.1997,20641.931640625
479,21947.521,3495.5615,-3790.474,-4825.328,-5279.9673,-613.73126,26126.96484375
480,1989.7354,-2805.7227,-1156.5177,-1073.9348,-689.6031,667.50635,4902.13818359375
481,4037.1353,1507.1514,1071.7811,-1037.4266,-8357.772,-263.90955,14855.525390625
482,3986.3274,-2460.4148,-2908.4136,1534.8851,-4061.8872,2196.6614,10755.9140625
483,12074.162,7864.2173,9950.839,-2422.259,345.93765,1821.5717,6419.38232421875
484,15436.664,12320.561,12560.583,-4952.991,930.0422,110.54988,9232.970703125
485,-1852.4956,-5416.7954,10220.436,3479.2,6143.061,3693.9287,19797.80078125
486,-1248.7227,699.2146,9118.026,4217.0923,-1209.2021,3741.1365,13812.9140625
487,-12031.813,-14119.75,-14622.879,2319.6155,818.8316,966.3743,5159.26953125
488,-4414.777,-4950.3965,-4238.9697,2295.6702,-191.60506,-473.23453,4123.6220703125
489,-21400.436,-5453.0654,-16278.178,-1245.4827,-3935.1714,-3731.4033,17080.693359375
490,10465.118,10004.05,13914.424,3.3406477,7550.0156,-2300.0,14162.587890625
491,5718.9717,5205.501,-684.3799,-2810.2754,-2524.402,2477.3755,9959.998046875
492,-12896.461,-3809.4287,-11707.133,-4438.2974,1174.9291,1496.1383,11963.833984375
493,12449.065,8104.956,16768.797,-238.99374,-2729.5981,2268.2495,9708.505859375
494,3145.7363,754.52783,10625.402,2659.059,608.59094,-683.3495,10162.310546875
495,-885.853,-7469.08,-406.12915,-4258.1294,-1466.7661,-2772.6448,11429.7431640625
496,493.05518,2760.3833,6321.139,-2915.1345,-1877.1433,-3720.205,10172.412109375
497,-210.20215,6101.5083,-3230.8525,2156.38,-2329.5168,710.59674,9988.603515625
498,-10414.934,-12573.14,-9930.631,2685.6584,-4020.0334,-2636.0361,9843.9814453125
499,1885.0139,9821.252,-937.8635,490.97238,1672.2456,-348.75406,10140.650390625
500,34924.594,38503.094,71106.55,-8456.054,-4646.9814,2596.1836,38626.1640625
501,11473.34,5998.6772,14355.598,3746.4893,1392.8087,2925.574,11298.84765625
502,4466.868,-22.297607,6495.852,-6638.0186,-6341.138,-2934.852,17664.59375
503,15089.484,4722.9697,14526.9795,730.6392,6457.7437,158.81442,15123.9658203125
504,13370.742,11726.604,17586.133,-3498.2686,2096.2595,1929.907,9406.0400390625
505,6482.233,15841.693,12325.705,-3038.7947,4327.7095,906.9791,12385.951171875
506,14317.566,5099.9697,9138.115,1181.0001,1525.6498,-3790.5884,10877.568359375
507,5017.02,3231.6355,2715.5454,4376.8906,3813.0725,3049.536,11548.353515625
508,21560.113,4722.3267,-918.5615,-1079.6051,-2824.7869,-3161.2305,21626.96875
509,2721.5762,3516.608,600.9391,-503.61914,2872.3208,229.25385,5699.5087890625
510,1641.5282,-4367.8354,-2022.2422,2092.7756,1843.7306,-1424.1981,7545.92041015625
511,-73.51172,-1274.6138,-9834.81,5936.1553,3260.859,1692.6417,15205.583984375
512,1040.8127,-584.6074,11908.534,-299.30453,-1677.7148,-4014.8801,13981.583984375
513,-2496.206,985.1293,-3768.4377,-1410.767,-1188.049,-2637.1294,7016.82666015625
514,-11559.5,-11549.462,-13412.26,-10913.793,-796.8941,4480.587,20564.92578125
515,2334.8232,5065.261,8291.778,-7376.4443,-1975.4154,-2692.0684,14945.2265625
516,10137.924,10930.451,12030.176,-1185.0155,-4695.625,-3771.6128,10758.42578125
517,-2697.6152,-1386.4236,-5232.3545,753.7461,-4399.5405,2266.8677,9308.919921875
518,-15539.07,-15963.154,-35793.45,-10546.531,9116.844,2035.5923,31580.05078125
519,-3768.7515,-730.0383,-4604.0674,-4296.525,-1591.8741,-6678.8867,14466.33984375
520,6716.303,12087.761,3564.8652,3235.2861,1087.1089,-392.0757,9545.666015625
521,2130.316,-5440.6343,6302.681,4697.113,-201.40733,1441.43,13373.8603515625
522,-6614.954,3286.1897,6407.5728,-3989.167,-6845.432,-3133.0486,18879.859375
523,12261.258,3183.392,8141.5596,2527.9133,-3443.0054,2062.7224,11378.921875
524,-179.3475,-1029.4019,-503.9015,-934.7335,-1044.5155,-601.7745,2744.568359375
525,10385.19,11856.588,19518.229,5618.414,-1207.0747,-914.0379,13180.1474609375
526,4839.733,3571.9827,10944.475,1859.0018,-597.5616,-699.37103,7714.96044921875
527,-3678.0806,4804.273,-4154.9595,-4740.963,5171.1484,3026.8408,15854.35546875
528,-32590.258,-15269.811,-16624.955,-5833.9805,1533.5009,-4164.735,20965.650390625
529,4192.8193,3578.2214,5650.1313,2610.5688,2366.4773,229.78964,6387.59814453125
530,4454.0312,-245.55511,-2534.0435,-1232.9514,2272.9446,4340.7183,10708.0849609375
531,-1472.488,3801.9998,3800.5854,-3930.8271,-4304.2437,-5901.686,15304.77734375
532,25152.678,16240.886,17893.988,-3935.2964,-3072.7522,-2241.0146,12540.8212890625
533,6726.856,2057.5845,936.1404,-4227.3394,455.92706,-1729.9205,9566.01953125
534,-5420.379,-8020.373,-7346.3896,2290.6677,-3481.3901,298.20895,7604.6279296875
535,5949.965,-7751.7944,5652.6064,2339.0164,-2366.6235,1543.1931,14970.3828125
536,-5243.2827,-9292.582,-4124.5264,431.48886,1364.3414,-2774.5667,7170.5029296875
537,3860.5654,3614.0737,-5544.406,4348.352,5037.169,-4857.1636,17023.9765625
538,-3607.5247,1496.7998,-2520.3486,2436.0596,-179.39777,2246.3994,7397.6630859375
539,1697.9594,-97.551025,6149.9473,2184.2903,2712.107,2958.009,9678.1728515625
540,-6520.2725,-1432.1143,-9859.679,3086.1619,-5295.353,3461.9473,14236.6826171875
541,-1434.6982,2109.2583,-3888.986,1225.5079,722.3672,-3811.3513,8771.048828125
542,-29756.39,-24193.305,-39765.574,-1953.9009,3273.6934,-1651.555,15446.7119140625
543,-8317.963,-7622.576,1493.1992,1544.0219,-4505.678,1869.5228,12979.240234375
544,3404.6226,-7163.2812,-10524.9795,1980.0454,-511.934,-1507.9436,13337.0673828125
545,11718.293,20757.91,18000.719,1756.3528,4446.348,843.1532,11622.818359375
546,10953.586,5087.019,3002.2852,1825.7482,9889.813,-2313.7517,19247.8203125
547,6360.742,-6705.43,-11060.901,-5435.054,643.1127,-1751.0886,18592.02734375
548,6624.474,4055.501,6882.585,-2977.7627,-1444.2744,963.7487,6555.513671875
549,-8516.754,-8687.968,-15316.703,-5460.537,-764.2723,-5703.2495,15293.4716796875
550,7785.6377,4430.9053,11801.206,404.75208,-2768.7659,1235.0571,8301.5625
551,-3421.124,393.3778,4800.667,-1449.3,-1396.1254,2128.4402,8747.9091796875
552,-16145.984,-14799.67,-26200.852,1697.0121,2900.9495,-1875.2129,12684.0556640625
553,1181.2512,-583.2119,-7092.166,-970.0553,-10235.811,895.8885,19403.890625
554,-1741.5989,-7685.4316,-7999.633,2435.7947,-5188.9536,1767.2374,12051.5478515625
555,-22.567383,6629.2964,860.7892,-1234.4738,1595.1082,1876.17,7868.70849609375
556,10491.237,-1757.9199,6883.724,2169.6394,3086.7542,1925.7593,13141.4921875
557,-2680.7568,-3679.9487,-9026.883,-2528.1545,1222.4089,-2126.8643,8494.6396484375
558,8507.058,6057.4746,15283.75,-3276.304,-1128.7438,5444.4077,13909.4755859375
559,-1878.2819,-2865.613,2447.4675,732.67865,1511.1577,-435.84167,5743.60498046875
560,-9448.749,-15157.643,-10578.72,171.3513,1344.7218,-3895.969,8858.1064453125
561,-4252.669,-8860.948,-3213.7961,244.72401,-3709.8093,-740.3921,8379.44921875
562,-13382.229,-8878.99,-17146.135,2808.2578,-2471.1904,4025.442,11915.861328125
563,918.9567,3727.9822,-3362.9397,1092.3131,4592.8794,-425.96594,10279.1357421875
564,13641.892,-826.4253,8197.818,1394.295,4954.172,1367.3884,15661.3037109375
565,1217.2909,4951.798,-2726.7612,1314.5342,-6556.2817,1001.1275,13467.607421875
566,-95.69145,1376.559,-667.79535,3026.8767,547.38007,1256.6012,6038.134765625
567,-8329.412,-6108.015,-12748.732,458.34125,2164.4246,2270.6929,8027.11865234375
568,8745.473,-5084.935,366.46588,-41.530373,2635.596,1922.5049,13324.2333984375
569,-8851.501,-4873.0,-9878.004,46.093353,-1802.5402,2016.3262,6551.0810546875
570,8412.211,11765.057,16186.557,-755.5336,2217.8137,-3483.6973,9924.357421875
571,817.4741,8835.627,6405.425,-2691.707,-613.66565,1575.2394,9001.1484375
572,4036.6978,15035.986,6965.921,14.572734,2428.8696,2492.4924,11562.08203125
573,-13802.268,-4264.0015,-11740.933,-4141.497,3248.8274,-630.53064,12644.341796875
574,38258.0,56415.9,67252.45,13139.177,9777.573,-3718.063,38601.7890625
575,38101.848,12518.729,-1902.5615,2826.554,-3333.3218,4723.6475,36819.1640625
576,-12701.995,-8470.344,-15007.339,3894.5693,-7536.9214,-2764.147,16486.873046875
577,18385.75,21100.693,21996.062,-3204.315,2948.9314,-1338.3044,8536.2841796875
578,-28759.072,-24497.8,-20084.932,-20833.66,-1343.5613,1693.4673,37048.33984375
579,17351.684,25180.414,-6695.42,8961.419,10475.113,-726.3914,37409.87109375
